Date,Attraction,Avg_Temperature,Rainfall_mm,Public_Holiday_Count,Festival_Season,Foreign_Visitors_%,Visitor_Count
2023-01-01,Sigiriya Rock Fortress,26.5,7.4,1,New Year,68,5185
2023-01-02,Sigiriya Rock Fortress,25.7,1.1,0,Peak Season,67,3897
2023-01-03,Sigiriya Rock Fortress,26.8,8.6,0,Peak Season,70,3338
2023-01-04,Sigiriya Rock Fortress,26.9,11.8,0,Peak Season,68,3507
2023-01-05,Sigiriya Rock Fortress,25.2,14.1,0,Peak Season,67,3472
2023-01-06,Sigiriya Rock Fortress,25.6,34.7,0,Peak Season,63,3314
2023-01-07,Sigiriya Rock Fortress,26.5,18.9,0,Peak Season,77,4071
2023-01-08,Sigiriya Rock Fortress,26.2,34.7,0,Peak Season,61,3315
2023-01-09,Sigiriya Rock Fortress,26.4,20.8,0,Peak Season,70,3581
2023-01-10,Sigiriya Rock Fortress,25.9,19.0,0,Peak Season,65,3606
2023-01-11,Sigiriya Rock Fortress,27.0,22.2,0,Peak Season,78,3574
2023-01-12,Sigiriya Rock Fortress,26.9,4.1,0,Peak Season,62,3607
2023-01-13,Sigiriya Rock Fortress,26.5,24.7,0,Peak Season,63,3171
2023-01-14,Sigiriya Rock Fortress,27.2,8.2,0,Peak Season,61,3826
2023-01-15,Sigiriya Rock Fortress,26.8,8.5,0,Peak Season,69,4364
2023-01-16,Sigiriya Rock Fortress,26.0,12.0,0,Peak Season,59,3423
2023-01-17,Sigiriya Rock Fortress,26.8,7.2,0,Peak Season,64,3621
2023-01-18,Sigiriya Rock Fortress,26.0,2.9,0,Peak Season,54,3688
2023-01-19,Sigiriya Rock Fortress,27.1,10.8,0,Peak Season,68,3321
2023-01-20,Sigiriya Rock Fortress,26.6,8.2,1,Peak Season,64,4023
2023-01-21,Sigiriya Rock Fortress,26.5,7.8,0,Peak Season,58,3973
2023-01-22,Sigiriya Rock Fortress,26.2,9.5,0,Peak Season,74,4071
2023-01-23,Sigiriya Rock Fortress,27.4,7.8,0,Peak Season,59,3610
2023-01-24,Sigiriya Rock Fortress,26.6,34.6,1,Peak Season,72,3931
2023-01-25,Sigiriya Rock Fortress,26.5,32.0,0,Peak Season,63,2969
2023-01-26,Sigiriya Rock Fortress,26.5,10.6,0,Peak Season,77,3711
2023-01-27,Sigiriya Rock Fortress,27.1,89.6,0,Peak Season,71,2699
2023-01-28,Sigiriya Rock Fortress,27.0,0.0,0,Peak Season,61,4309
2023-01-29,Sigiriya Rock Fortress,27.1,5.2,0,Peak Season,61,4131
2023-01-30,Sigiriya Rock Fortress,27.1,19.0,0,Peak Season,71,3610
2023-01-31,Sigiriya Rock Fortress,28.1,6.2,0,Peak Season,65,3660
2023-02-01,Sigiriya Rock Fortress,26.6,24.5,0,Peak Season,66,3294
2023-02-02,Sigiriya Rock Fortress,26.6,23.0,0,Peak Season,75,3357
2023-02-03,Sigiriya Rock Fortress,26.4,4.8,0,Peak Season,63,3574
2023-02-04,Sigiriya Rock Fortress,27.3,10.4,1,Peak Season,68,4691
2023-02-05,Sigiriya Rock Fortress,27.7,32.5,0,Peak Season,73,4325
2023-02-06,Sigiriya Rock Fortress,26.9,1.1,0,Peak Season,72,4030
2023-02-07,Sigiriya Rock Fortress,26.5,5.9,0,Peak Season,66,3694
2023-02-08,Sigiriya Rock Fortress,26.6,0.9,0,Peak Season,65,3683
2023-02-09,Sigiriya Rock Fortress,27.5,2.9,0,Peak Season,57,3444
2023-02-10,Sigiriya Rock Fortress,27.6,146.5,0,Peak Season,61,1539
2023-02-11,Sigiriya Rock Fortress,27.5,5.5,0,Peak Season,69,4151
2023-02-12,Sigiriya Rock Fortress,26.8,0.3,0,Peak Season,66,4205
2023-02-13,Sigiriya Rock Fortress,27.4,2.2,0,Peak Season,67,3699
2023-02-14,Sigiriya Rock Fortress,27.3,0.6,0,Peak Season,73,3876
2023-02-15,Sigiriya Rock Fortress,27.4,9.3,0,Peak Season,60,3640
2023-02-16,Sigiriya Rock Fortress,27.8,113.5,0,Peak Season,66,2157
2023-02-17,Sigiriya Rock Fortress,27.5,17.1,0,Peak Season,68,3341
2023-02-18,Sigiriya Rock Fortress,27.8,13.9,1,Peak Season,63,4969
2023-02-19,Sigiriya Rock Fortress,27.5,1.0,0,Peak Season,76,4548
2023-02-20,Sigiriya Rock Fortress,27.6,52.0,0,Peak Season,72,3062
2023-02-21,Sigiriya Rock Fortress,27.9,6.1,0,Peak Season,69,3632
2023-02-22,Sigiriya Rock Fortress,26.6,17.6,0,Peak Season,78,3611
2023-02-23,Sigiriya Rock Fortress,27.4,14.0,0,Peak Season,58,3352
2023-02-24,Sigiriya Rock Fortress,27.3,33.1,0,Peak Season,67,3378
2023-02-25,Sigiriya Rock Fortress,27.2,2.0,1,Peak Season,69,5438
2023-02-26,Sigiriya Rock Fortress,27.5,1.5,0,Peak Season,62,4162
2023-02-27,Sigiriya Rock Fortress,28.6,3.6,0,Peak Season,69,3856
2023-02-28,Sigiriya Rock Fortress,27.2,5.5,0,Peak Season,60,3105
2023-03-01,Sigiriya Rock Fortress,28.3,2.6,0,None,49,2345
2023-03-02,Sigiriya Rock Fortress,26.8,1.9,0,None,51,2714
2023-03-03,Sigiriya Rock Fortress,27.6,7.8,0,None,47,2417
2023-03-04,Sigiriya Rock Fortress,28.0,3.1,1,None,34,2399
2023-03-05,Sigiriya Rock Fortress,28.3,2.2,0,None,39,2974
2023-03-06,Sigiriya Rock Fortress,28.4,0.7,0,None,48,2882
2023-03-07,Sigiriya Rock Fortress,28.5,0.0,0,None,45,1978
2023-03-08,Sigiriya Rock Fortress,27.8,16.0,0,None,29,2247
2023-03-09,Sigiriya Rock Fortress,27.8,15.2,0,None,52,1727
2023-03-10,Sigiriya Rock Fortress,28.6,9.9,0,None,46,2527
2023-03-11,Sigiriya Rock Fortress,28.0,7.6,0,None,40,2767
2023-03-12,Sigiriya Rock Fortress,27.4,2.2,0,None,51,2494
2023-03-13,Sigiriya Rock Fortress,27.5,7.4,0,None,41,2320
2023-03-14,Sigiriya Rock Fortress,27.7,0.9,0,None,41,2560
2023-03-15,Sigiriya Rock Fortress,28.6,4.3,0,None,47,2485
2023-03-16,Sigiriya Rock Fortress,28.4,1.4,1,None,56,3374
2023-03-17,Sigiriya Rock Fortress,28.8,6.4,0,None,55,2441
2023-03-18,Sigiriya Rock Fortress,28.1,13.3,0,None,47,2420
2023-03-19,Sigiriya Rock Fortress,28.5,0.9,0,None,48,3163
2023-03-20,Sigiriya Rock Fortress,28.8,1.8,0,None,50,2881
2023-03-21,Sigiriya Rock Fortress,28.3,80.1,0,None,37,1554
2023-03-22,Sigiriya Rock Fortress,28.8,0.2,0,None,49,2060
2023-03-23,Sigiriya Rock Fortress,28.2,0.3,0,None,41,1998
2023-03-24,Sigiriya Rock Fortress,28.4,12.7,0,None,47,2111
2023-03-25,Sigiriya Rock Fortress,28.4,4.7,0,None,44,2539
2023-03-26,Sigiriya Rock Fortress,28.0,1.6,0,None,48,2995
2023-03-27,Sigiriya Rock Fortress,29.0,3.3,0,None,46,2500
2023-03-28,Sigiriya Rock Fortress,28.5,2.0,0,None,27,1755
2023-03-29,Sigiriya Rock Fortress,28.8,3.8,0,None,46,2571
2023-03-30,Sigiriya Rock Fortress,29.1,2.1,0,None,49,2618
2023-03-31,Sigiriya Rock Fortress,29.1,3.1,0,None,48,2335
2023-04-01,Sigiriya Rock Fortress,29.3,96.0,0,None,50,1896
2023-04-02,Sigiriya Rock Fortress,28.9,6.2,0,None,61,2766
2023-04-03,Sigiriya Rock Fortress,28.7,12.1,0,None,53,2350
2023-04-04,Sigiriya Rock Fortress,29.0,5.0,0,None,54,2539
2023-04-05,Sigiriya Rock Fortress,28.0,3.6,0,None,57,2610
2023-04-06,Sigiriya Rock Fortress,28.2,13.7,0,None,53,2470
2023-04-07,Sigiriya Rock Fortress,28.3,2.7,0,None,46,2450
2023-04-08,Sigiriya Rock Fortress,28.6,0.0,0,None,36,2751
2023-04-09,Sigiriya Rock Fortress,29.4,7.4,0,None,48,3027
2023-04-10,Sigiriya Rock Fortress,28.7,4.5,0,None,56,2789
2023-04-11,Sigiriya Rock Fortress,29.1,3.4,0,None,49,2449
2023-04-12,Sigiriya Rock Fortress,30.1,7.5,0,None,56,2651
2023-04-13,Sigiriya Rock Fortress,29.1,2.1,1,Sinhala Tamil New Year,52,4648
2023-04-14,Sigiriya Rock Fortress,29.8,0.0,1,Sinhala Tamil New Year,59,4723
2023-04-15,Sigiriya Rock Fortress,28.9,7.7,0,None,49,3076
2023-04-16,Sigiriya Rock Fortress,29.3,1.5,0,None,54,3017
2023-04-17,Sigiriya Rock Fortress,28.9,1.0,0,None,54,2666
2023-04-18,Sigiriya Rock Fortress,29.3,7.1,0,None,60,2637
2023-04-19,Sigiriya Rock Fortress,30.1,10.4,0,None,41,2210
2023-04-20,Sigiriya Rock Fortress,28.5,2.3,1,None,48,3022
2023-04-21,Sigiriya Rock Fortress,29.9,7.6,0,None,56,2462
2023-04-22,Sigiriya Rock Fortress,29.8,5.5,0,None,60,2855
2023-04-23,Sigiriya Rock Fortress,29.3,17.0,0,None,52,3002
2023-04-24,Sigiriya Rock Fortress,28.8,5.6,0,None,49,2484
2023-04-25,Sigiriya Rock Fortress,29.8,11.4,0,None,56,2711
2023-04-26,Sigiriya Rock Fortress,29.5,2.0,0,None,56,2510
2023-04-27,Sigiriya Rock Fortress,29.9,0.3,0,None,49,2952
2023-04-28,Sigiriya Rock Fortress,29.9,10.2,0,None,53,2405
2023-04-29,Sigiriya Rock Fortress,30.8,0.3,0,None,58,3086
2023-04-30,Sigiriya Rock Fortress,29.8,85.7,0,None,62,2072
2023-05-01,Sigiriya Rock Fortress,29.3,1.0,1,None,55,2882
2023-05-02,Sigiriya Rock Fortress,30.1,6.0,0,None,51,2847
2023-05-03,Sigiriya Rock Fortress,30.1,21.4,0,None,51,2626
2023-05-04,Sigiriya Rock Fortress,30.8,8.9,0,None,54,2685
2023-05-05,Sigiriya Rock Fortress,30.5,3.8,0,None,50,2335
2023-05-06,Sigiriya Rock Fortress,30.3,7.5,0,None,52,3465
2023-05-07,Sigiriya Rock Fortress,31.0,2.7,0,None,45,2945
2023-05-08,Sigiriya Rock Fortress,29.4,30.8,0,None,59,2272
2023-05-09,Sigiriya Rock Fortress,29.8,2.1,0,None,44,2736
2023-05-10,Sigiriya Rock Fortress,29.6,4.6,0,None,48,2600
2023-05-11,Sigiriya Rock Fortress,30.0,9.2,0,None,52,2970
2023-05-12,Sigiriya Rock Fortress,29.4,7.7,0,None,63,2735
2023-05-13,Sigiriya Rock Fortress,30.6,8.7,0,None,48,2903
2023-05-14,Sigiriya Rock Fortress,30.1,3.0,0,None,47,2889
2023-05-15,Sigiriya Rock Fortress,29.4,4.2,0,None,48,2046
2023-05-16,Sigiriya Rock Fortress,29.7,13.4,0,None,61,2525
2023-05-17,Sigiriya Rock Fortress,30.5,13.0,0,None,34,2385
2023-05-18,Sigiriya Rock Fortress,30.9,8.6,0,None,45,2530
2023-05-19,Sigiriya Rock Fortress,31.6,19.1,0,None,67,2697
2023-05-20,Sigiriya Rock Fortress,32.1,14.6,0,None,55,2879
2023-05-21,Sigiriya Rock Fortress,30.7,13.3,0,None,44,2917
2023-05-22,Sigiriya Rock Fortress,29.8,0.5,0,None,51,2788
2023-05-23,Sigiriya Rock Fortress,29.2,9.0,0,None,51,2537
2023-05-24,Sigiriya Rock Fortress,30.6,7.6,0,None,56,2634
2023-05-25,Sigiriya Rock Fortress,30.0,22.9,0,None,62,2326
2023-05-26,Sigiriya Rock Fortress,30.2,4.5,0,None,53,2758
2023-05-27,Sigiriya Rock Fortress,30.1,0.3,1,None,48,3035
2023-05-28,Sigiriya Rock Fortress,30.4,20.1,0,None,56,3075
2023-05-29,Sigiriya Rock Fortress,31.2,9.4,0,None,47,3001
2023-05-30,Sigiriya Rock Fortress,30.6,3.0,0,None,45,2123
2023-05-31,Sigiriya Rock Fortress,30.5,3.6,0,None,40,2301
2023-06-01,Sigiriya Rock Fortress,30.0,12.4,0,None,36,2157
2023-06-02,Sigiriya Rock Fortress,29.6,12.2,0,None,40,2118
2023-06-03,Sigiriya Rock Fortress,30.3,20.3,0,None,38,2889
2023-06-04,Sigiriya Rock Fortress,30.6,5.7,1,None,47,3763
2023-06-05,Sigiriya Rock Fortress,31.7,3.6,1,None,38,3044
2023-06-06,Sigiriya Rock Fortress,30.7,9.4,0,None,26,2215
2023-06-07,Sigiriya Rock Fortress,31.2,7.2,0,None,39,2321
2023-06-08,Sigiriya Rock Fortress,30.4,4.5,0,None,42,3076
2023-06-09,Sigiriya Rock Fortress,29.9,24.5,0,None,41,2134
2023-06-10,Sigiriya Rock Fortress,30.1,43.4,0,None,54,2708
2023-06-11,Sigiriya Rock Fortress,30.2,18.4,0,None,41,2358
2023-06-12,Sigiriya Rock Fortress,32.0,5.9,0,None,50,2440
2023-06-13,Sigiriya Rock Fortress,30.2,11.3,0,None,45,2594
2023-06-14,Sigiriya Rock Fortress,31.2,9.3,0,None,45,2107
2023-06-15,Sigiriya Rock Fortress,30.1,16.8,0,None,40,1707
2023-06-16,Sigiriya Rock Fortress,31.3,14.6,0,None,45,2347
2023-06-17,Sigiriya Rock Fortress,30.9,5.8,0,None,40,3193
2023-06-18,Sigiriya Rock Fortress,30.6,2.6,0,None,46,3037
2023-06-19,Sigiriya Rock Fortress,30.7,10.1,0,None,44,2281
2023-06-20,Sigiriya Rock Fortress,30.3,4.8,0,None,39,1906
2023-06-21,Sigiriya Rock Fortress,31.0,1.4,0,None,51,2696
2023-06-22,Sigiriya Rock Fortress,30.4,3.6,0,None,48,2640
2023-06-23,Sigiriya Rock Fortress,30.0,1.0,0,None,42,2012
2023-06-24,Sigiriya Rock Fortress,29.9,6.9,0,None,46,3201
2023-06-25,Sigiriya Rock Fortress,30.8,50.4,0,None,44,2594
2023-06-26,Sigiriya Rock Fortress,31.6,5.8,0,None,40,2616
2023-06-27,Sigiriya Rock Fortress,30.8,5.7,0,None,45,2558
2023-06-28,Sigiriya Rock Fortress,30.6,7.4,0,None,41,2474
2023-06-29,Sigiriya Rock Fortress,30.8,29.5,0,None,39,2151
2023-06-30,Sigiriya Rock Fortress,31.5,50.6,0,None,35,1926
2023-07-01,Sigiriya Rock Fortress,30.8,36.9,0,Peak Season,55,3285
2023-07-02,Sigiriya Rock Fortress,30.4,20.5,1,Peak Season,60,4278
2023-07-03,Sigiriya Rock Fortress,31.3,2.8,0,Peak Season,53,3364
2023-07-04,Sigiriya Rock Fortress,30.9,21.0,0,Peak Season,72,3607
2023-07-05,Sigiriya Rock Fortress,31.6,1.3,0,Peak Season,62,3802
2023-07-06,Sigiriya Rock Fortress,30.7,1.0,1,Peak Season,65,4464
2023-07-07,Sigiriya Rock Fortress,29.9,9.6,0,Peak Season,62,3803
2023-07-08,Sigiriya Rock Fortress,29.8,8.4,0,Peak Season,68,4479
2023-07-09,Sigiriya Rock Fortress,31.6,6.9,0,Peak Season,52,3827
2023-07-10,Sigiriya Rock Fortress,31.6,5.5,0,Peak Season,42,3358
2023-07-11,Sigiriya Rock Fortress,30.5,13.5,0,Peak Season,54,3201
2023-07-12,Sigiriya Rock Fortress,30.3,9.7,0,Peak Season,60,3493
2023-07-13,Sigiriya Rock Fortress,31.4,68.5,0,Peak Season,58,2902
2023-07-14,Sigiriya Rock Fortress,29.9,19.6,0,Peak Season,59,2633
2023-07-15,Sigiriya Rock Fortress,30.0,12.1,0,Peak Season,65,4665
2023-07-16,Sigiriya Rock Fortress,30.9,4.1,0,Peak Season,59,4279
2023-07-17,Sigiriya Rock Fortress,30.2,4.1,0,Peak Season,62,3503
2023-07-18,Sigiriya Rock Fortress,30.5,5.8,0,Peak Season,51,3850
2023-07-19,Sigiriya Rock Fortress,30.3,12.0,0,Peak Season,50,3250
2023-07-20,Sigiriya Rock Fortress,30.6,17.1,0,Peak Season,67,3611
2023-07-21,Sigiriya Rock Fortress,31.2,4.4,0,Peak Season,58,3486
2023-07-22,Sigiriya Rock Fortress,30.4,27.8,0,Peak Season,53,4108
2023-07-23,Sigiriya Rock Fortress,30.7,6.8,0,Peak Season,53,3984
2023-07-24,Sigiriya Rock Fortress,29.1,43.7,0,Peak Season,53,2991
2023-07-25,Sigiriya Rock Fortress,30.3,9.3,0,Peak Season,53,3678
2023-07-26,Sigiriya Rock Fortress,29.8,19.9,0,Peak Season,49,3325
2023-07-27,Sigiriya Rock Fortress,29.5,0.5,0,Peak Season,48,3389
2023-07-28,Sigiriya Rock Fortress,29.7,3.6,0,Peak Season,56,3759
2023-07-29,Sigiriya Rock Fortress,30.0,6.0,0,Peak Season,53,4550
2023-07-30,Sigiriya Rock Fortress,30.8,1.4,0,Peak Season,64,4343
2023-07-31,Sigiriya Rock Fortress,29.4,6.6,0,Peak Season,59,3547
2023-08-01,Sigiriya Rock Fortress,30.2,5.2,0,Esala Festival,59,3504
2023-08-02,Sigiriya Rock Fortress,29.8,24.9,0,Esala Festival,53,3396
2023-08-03,Sigiriya Rock Fortress,29.9,0.1,0,Esala Festival,56,3331
2023-08-04,Sigiriya Rock Fortress,30.7,14.6,0,Esala Festival,59,3310
2023-08-05,Sigiriya Rock Fortress,30.4,20.9,0,Esala Festival,61,3533
2023-08-06,Sigiriya Rock Fortress,30.8,43.0,0,Esala Festival,56,3270
2023-08-07,Sigiriya Rock Fortress,29.9,17.2,0,Esala Festival,63,3270
2023-08-08,Sigiriya Rock Fortress,29.6,2.5,0,Esala Festival,57,3430
2023-08-09,Sigiriya Rock Fortress,29.8,6.2,0,Esala Festival,62,3884
2023-08-10,Sigiriya Rock Fortress,30.1,10.6,0,Esala Festival,54,3426
2023-08-11,Sigiriya Rock Fortress,30.0,27.4,0,Esala Festival,46,2759
2023-08-12,Sigiriya Rock Fortress,29.2,0.4,0,Esala Festival,59,3879
2023-08-13,Sigiriya Rock Fortress,29.9,14.1,0,Esala Festival,61,4238
2023-08-14,Sigiriya Rock Fortress,29.9,0.7,0,Esala Festival,60,3776
2023-08-15,Sigiriya Rock Fortress,31.3,4.1,0,Esala Festival,60,3542
2023-08-16,Sigiriya Rock Fortress,30.9,1.1,0,Esala Festival,55,3371
2023-08-17,Sigiriya Rock Fortress,29.2,3.3,0,Esala Festival,52,3576
2023-08-18,Sigiriya Rock Fortress,29.5,17.3,0,Esala Festival,60,3096
2023-08-19,Sigiriya Rock Fortress,28.8,5.1,0,Esala Festival,60,4073
2023-08-20,Sigiriya Rock Fortress,29.3,2.8,0,Esala Festival,54,4424
2023-08-21,Sigiriya Rock Fortress,29.8,2.3,0,Esala Festival,64,3623
2023-08-22,Sigiriya Rock Fortress,30.3,1.6,0,Esala Festival,52,3217
2023-08-23,Sigiriya Rock Fortress,29.1,15.7,0,Esala Festival,53,3284
2023-08-24,Sigiriya Rock Fortress,29.1,8.0,0,Esala Festival,67,3435
2023-08-25,Sigiriya Rock Fortress,28.2,10.9,0,Esala Festival,62,3075
2023-08-26,Sigiriya Rock Fortress,29.3,0.8,0,Esala Festival,55,4120
2023-08-27,Sigiriya Rock Fortress,28.7,7.9,0,Esala Festival,59,4178
2023-08-28,Sigiriya Rock Fortress,29.0,0.1,0,Esala Festival,58,3399
2023-08-29,Sigiriya Rock Fortress,28.8,21.7,0,Esala Festival,41,2813
2023-08-30,Sigiriya Rock Fortress,29.2,12.8,0,Esala Festival,52,3003
2023-08-31,Sigiriya Rock Fortress,28.2,6.5,1,Esala Festival,57,3962
2023-09-01,Sigiriya Rock Fortress,28.3,0.0,0,None,43,2251
2023-09-02,Sigiriya Rock Fortress,30.4,2.0,0,None,46,2806
2023-09-03,Sigiriya Rock Fortress,28.3,0.9,0,None,52,3492
2023-09-04,Sigiriya Rock Fortress,28.4,5.9,0,None,43,2410
2023-09-05,Sigiriya Rock Fortress,30.1,10.4,1,None,39,3017
2023-09-06,Sigiriya Rock Fortress,30.8,9.7,0,None,47,2612
2023-09-07,Sigiriya Rock Fortress,28.3,26.6,0,None,43,2225
2023-09-08,Sigiriya Rock Fortress,28.7,6.5,0,None,44,2238
2023-09-09,Sigiriya Rock Fortress,29.1,20.9,0,None,43,2762
2023-09-10,Sigiriya Rock Fortress,29.9,4.7,0,None,58,3135
2023-09-11,Sigiriya Rock Fortress,28.2,11.0,0,None,32,2137
2023-09-12,Sigiriya Rock Fortress,28.6,5.2,0,None,43,2398
2023-09-13,Sigiriya Rock Fortress,29.2,8.8,0,None,45,2252
2023-09-14,Sigiriya Rock Fortress,29.0,6.2,0,None,40,1978
2023-09-15,Sigiriya Rock Fortress,28.4,2.8,1,None,50,3153
2023-09-16,Sigiriya Rock Fortress,28.6,8.8,0,None,50,2910
2023-09-17,Sigiriya Rock Fortress,27.8,11.0,0,None,45,2395
2023-09-18,Sigiriya Rock Fortress,28.4,13.0,0,None,43,2334
2023-09-19,Sigiriya Rock Fortress,28.4,7.8,0,None,44,2515
2023-09-20,Sigiriya Rock Fortress,28.6,0.0,0,None,44,2959
2023-09-21,Sigiriya Rock Fortress,28.1,9.5,0,None,45,2203
2023-09-22,Sigiriya Rock Fortress,28.7,1.2,0,None,44,2274
2023-09-23,Sigiriya Rock Fortress,29.0,7.8,0,None,47,2683
2023-09-24,Sigiriya Rock Fortress,28.4,9.0,0,None,50,2992
2023-09-25,Sigiriya Rock Fortress,28.5,0.3,0,None,38,2332
2023-09-26,Sigiriya Rock Fortress,28.3,6.9,0,None,39,2041
2023-09-27,Sigiriya Rock Fortress,28.2,0.7,0,None,35,2180
2023-09-28,Sigiriya Rock Fortress,27.8,0.0,0,None,50,2048
2023-09-29,Sigiriya Rock Fortress,28.3,0.7,0,None,47,2642
2023-09-30,Sigiriya Rock Fortress,28.1,6.2,0,None,48,2764
2023-10-01,Sigiriya Rock Fortress,29.3,5.9,0,None,36,2755
2023-10-02,Sigiriya Rock Fortress,29.0,4.0,0,None,56,2271
2023-10-03,Sigiriya Rock Fortress,28.2,12.3,0,None,41,2059
2023-10-04,Sigiriya Rock Fortress,27.5,5.6,0,None,46,2272
2023-10-05,Sigiriya Rock Fortress,27.3,10.9,0,None,50,2332
2023-10-06,Sigiriya Rock Fortress,28.6,15.2,0,None,39,2236
2023-10-07,Sigiriya Rock Fortress,28.0,47.9,0,None,42,2638
2023-10-08,Sigiriya Rock Fortress,28.1,6.8,0,None,46,3051
2023-10-09,Sigiriya Rock Fortress,26.7,22.1,1,None,62,3257
2023-10-10,Sigiriya Rock Fortress,28.3,9.7,0,None,47,2648
2023-10-11,Sigiriya Rock Fortress,28.0,10.3,0,None,55,2582
2023-10-12,Sigiriya Rock Fortress,27.0,7.0,0,None,52,2399
2023-10-13,Sigiriya Rock Fortress,27.4,9.0,0,None,47,2529
2023-10-14,Sigiriya Rock Fortress,27.8,77.9,0,None,39,2136
2023-10-15,Sigiriya Rock Fortress,27.6,19.6,0,None,51,2951
2023-10-16,Sigiriya Rock Fortress,27.4,3.2,0,None,36,1859
2023-10-17,Sigiriya Rock Fortress,27.4,0.8,0,None,55,2364
2023-10-18,Sigiriya Rock Fortress,27.3,4.2,0,None,46,2283
2023-10-19,Sigiriya Rock Fortress,27.5,3.7,0,None,29,2222
2023-10-20,Sigiriya Rock Fortress,28.3,4.3,0,None,43,2318
2023-10-21,Sigiriya Rock Fortress,25.8,7.1,0,None,49,3110
2023-10-22,Sigiriya Rock Fortress,27.2,4.4,1,None,44,3791
2023-10-23,Sigiriya Rock Fortress,27.4,7.2,0,None,49,2628
2023-10-24,Sigiriya Rock Fortress,27.5,4.6,0,None,40,2503
2023-10-25,Sigiriya Rock Fortress,27.0,13.2,0,None,37,1834
2023-10-26,Sigiriya Rock Fortress,26.2,56.1,0,None,45,1770
2023-10-27,Sigiriya Rock Fortress,27.4,11.1,0,None,45,2112
2023-10-28,Sigiriya Rock Fortress,28.2,5.1,0,None,43,2497
2023-10-29,Sigiriya Rock Fortress,26.2,43.7,0,None,52,2425
2023-10-30,Sigiriya Rock Fortress,27.6,12.2,0,None,40,2441
2023-10-31,Sigiriya Rock Fortress,26.9,7.9,0,None,47,2404
2023-11-01,Sigiriya Rock Fortress,27.0,8.4,0,None,45,2708
2023-11-02,Sigiriya Rock Fortress,26.4,11.0,0,None,36,2089
2023-11-03,Sigiriya Rock Fortress,26.8,5.2,0,None,37,2690
2023-11-04,Sigiriya Rock Fortress,27.7,1.4,0,None,45,2962
2023-11-05,Sigiriya Rock Fortress,27.3,1.2,0,None,57,3132
2023-11-06,Sigiriya Rock Fortress,27.9,48.3,0,None,48,1589
2023-11-07,Sigiriya Rock Fortress,27.6,11.2,0,None,35,2316
2023-11-08,Sigiriya Rock Fortress,27.1,5.4,1,None,26,2501
2023-11-09,Sigiriya Rock Fortress,27.9,10.7,0,None,49,2198
2023-11-10,Sigiriya Rock Fortress,27.1,10.1,0,None,44,2511
2023-11-11,Sigiriya Rock Fortress,27.3,1.2,0,None,52,3292
2023-11-12,Sigiriya Rock Fortress,26.6,24.8,0,None,40,2762
2023-11-13,Sigiriya Rock Fortress,26.8,8.6,0,None,47,2211
2023-11-14,Sigiriya Rock Fortress,26.3,12.1,0,None,50,2274
2023-11-15,Sigiriya Rock Fortress,27.3,38.7,0,None,42,1844
2023-11-16,Sigiriya Rock Fortress,26.0,1.6,0,None,42,2429
2023-11-17,Sigiriya Rock Fortress,27.1,4.1,0,None,45,2661
2023-11-18,Sigiriya Rock Fortress,26.5,15.2,0,None,48,2850
2023-11-19,Sigiriya Rock Fortress,27.3,25.6,0,None,45,3053
2023-11-20,Sigiriya Rock Fortress,27.0,5.3,0,None,51,2607
2023-11-21,Sigiriya Rock Fortress,27.7,5.7,0,None,42,2215
2023-11-22,Sigiriya Rock Fortress,27.0,20.8,0,None,37,2154
2023-11-23,Sigiriya Rock Fortress,25.6,67.7,0,None,57,2095
2023-11-24,Sigiriya Rock Fortress,26.5,12.3,0,None,41,2568
2023-11-25,Sigiriya Rock Fortress,25.8,4.3,0,None,42,3029
2023-11-26,Sigiriya Rock Fortress,26.2,2.8,0,None,45,2859
2023-11-27,Sigiriya Rock Fortress,27.4,9.9,0,None,45,2213
2023-11-28,Sigiriya Rock Fortress,26.8,25.7,0,None,43,2140
2023-11-29,Sigiriya Rock Fortress,26.0,94.5,0,None,45,1564
2023-11-30,Sigiriya Rock Fortress,25.8,8.2,0,None,45,2320
2023-12-01,Sigiriya Rock Fortress,26.4,12.7,0,Peak Season,68,3606
2023-12-02,Sigiriya Rock Fortress,25.7,49.5,0,Peak Season,53,3331
2023-12-03,Sigiriya Rock Fortress,26.0,16.1,0,Peak Season,78,4109
2023-12-04,Sigiriya Rock Fortress,26.6,14.8,0,Peak Season,66,3416
2023-12-05,Sigiriya Rock Fortress,27.1,42.2,0,Peak Season,70,3242
2023-12-06,Sigiriya Rock Fortress,26.7,13.2,0,Peak Season,59,3726
2023-12-07,Sigiriya Rock Fortress,25.0,3.3,0,Peak Season,64,3445
2023-12-08,Sigiriya Rock Fortress,26.5,35.5,0,Peak Season,63,3157
2023-12-09,Sigiriya Rock Fortress,26.4,1.0,0,Peak Season,76,4150
2023-12-10,Sigiriya Rock Fortress,26.6,30.6,0,Peak Season,63,3915
2023-12-11,Sigiriya Rock Fortress,27.3,12.0,0,Peak Season,72,3918
2023-12-12,Sigiriya Rock Fortress,25.1,8.6,0,Peak Season,63,3777
2023-12-13,Sigiriya Rock Fortress,26.0,8.3,0,Peak Season,64,3517
2023-12-14,Sigiriya Rock Fortress,26.7,10.3,0,Peak Season,66,3635
2023-12-15,Sigiriya Rock Fortress,25.4,7.2,0,Peak Season,75,3629
2023-12-16,Sigiriya Rock Fortress,27.2,18.9,0,Peak Season,56,3909
2023-12-17,Sigiriya Rock Fortress,26.5,7.5,0,Peak Season,59,4029
2023-12-18,Sigiriya Rock Fortress,26.8,12.1,0,Peak Season,55,3306
2023-12-19,Sigiriya Rock Fortress,26.0,0.3,0,Peak Season,60,3527
2023-12-20,Sigiriya Rock Fortress,26.8,12.0,0,Peak Season,62,3519
2023-12-21,Sigiriya Rock Fortress,26.9,7.0,0,Peak Season,57,3329
2023-12-22,Sigiriya Rock Fortress,26.4,28.7,0,Peak Season,63,3170
2023-12-23,Sigiriya Rock Fortress,26.4,9.0,1,Peak Season,55,4892
2023-12-24,Sigiriya Rock Fortress,26.5,25.1,0,Peak Season,61,4381
2023-12-25,Sigiriya Rock Fortress,25.8,22.5,1,Christmas,74,4060
2023-12-26,Sigiriya Rock Fortress,26.2,23.0,0,Peak Season,69,3116
2023-12-27,Sigiriya Rock Fortress,26.2,9.3,0,Peak Season,68,3329
2023-12-28,Sigiriya Rock Fortress,26.6,12.7,0,Peak Season,61,3364
2023-12-29,Sigiriya Rock Fortress,26.9,18.1,0,Peak Season,58,3475
2023-12-30,Sigiriya Rock Fortress,25.7,13.1,0,Peak Season,60,4012
2023-12-31,Sigiriya Rock Fortress,26.3,8.9,0,Peak Season,67,4118
2024-01-01,Sigiriya Rock Fortress,27.2,3.7,1,New Year,72,4780
2024-01-02,Sigiriya Rock Fortress,25.9,11.9,0,Peak Season,72,3417
2024-01-03,Sigiriya Rock Fortress,25.9,1.2,0,Peak Season,71,3626
2024-01-04,Sigiriya Rock Fortress,26.5,2.5,0,Peak Season,63,3537
2024-01-05,Sigiriya Rock Fortress,26.9,22.1,0,Peak Season,67,3044
2024-01-06,Sigiriya Rock Fortress,26.4,14.8,0,Peak Season,65,3721
2024-01-07,Sigiriya Rock Fortress,27.2,22.1,0,Peak Season,66,3688
2024-01-08,Sigiriya Rock Fortress,26.9,4.9,0,Peak Season,79,3983
2024-01-09,Sigiriya Rock Fortress,26.9,29.7,1,Peak Season,56,3807
2024-01-10,Sigiriya Rock Fortress,26.8,1.4,0,Peak Season,66,3754
2024-01-11,Sigiriya Rock Fortress,27.9,2.6,0,Peak Season,74,3383
2024-01-12,Sigiriya Rock Fortress,26.4,28.8,0,Peak Season,58,2806
2024-01-13,Sigiriya Rock Fortress,25.3,13.2,0,Peak Season,63,4067
2024-01-14,Sigiriya Rock Fortress,27.5,21.4,0,Peak Season,64,3306
2024-01-15,Sigiriya Rock Fortress,26.2,14.1,0,Peak Season,66,3715
2024-01-16,Sigiriya Rock Fortress,26.6,78.5,0,Peak Season,57,2124
2024-01-17,Sigiriya Rock Fortress,27.3,2.1,0,Peak Season,71,3904
2024-01-18,Sigiriya Rock Fortress,25.6,0.4,0,Peak Season,71,3484
2024-01-19,Sigiriya Rock Fortress,25.8,48.2,0,Peak Season,70,3325
2024-01-20,Sigiriya Rock Fortress,25.7,0.8,0,Peak Season,62,4772
2024-01-21,Sigiriya Rock Fortress,26.2,36.5,0,Peak Season,68,3263
2024-01-22,Sigiriya Rock Fortress,26.9,11.7,0,Peak Season,62,3580
2024-01-23,Sigiriya Rock Fortress,27.0,13.7,0,Peak Season,65,3063
2024-01-24,Sigiriya Rock Fortress,26.9,67.8,0,Peak Season,80,3172
2024-01-25,Sigiriya Rock Fortress,25.9,17.5,0,Peak Season,68,3385
2024-01-26,Sigiriya Rock Fortress,25.4,3.8,0,Peak Season,60,3462
2024-01-27,Sigiriya Rock Fortress,26.8,0.1,0,Peak Season,68,4020
2024-01-28,Sigiriya Rock Fortress,26.5,105.5,0,Peak Season,59,2955
2024-01-29,Sigiriya Rock Fortress,27.1,15.5,0,Peak Season,60,3034
2024-01-30,Sigiriya Rock Fortress,27.3,2.3,0,Peak Season,61,3809
2024-01-31,Sigiriya Rock Fortress,26.9,25.6,0,Peak Season,64,3206
2024-02-01,Sigiriya Rock Fortress,27.3,8.3,0,Peak Season,73,3371
2024-02-02,Sigiriya Rock Fortress,27.0,1.9,0,Peak Season,70,4043
2024-02-03,Sigiriya Rock Fortress,27.3,10.9,1,Peak Season,70,4780
2024-02-04,Sigiriya Rock Fortress,26.5,14.3,1,Peak Season,60,4966
2024-02-05,Sigiriya Rock Fortress,26.9,15.1,0,Peak Season,64,3691
2024-02-06,Sigiriya Rock Fortress,27.1,26.1,0,Peak Season,69,3212
2024-02-07,Sigiriya Rock Fortress,27.5,4.2,0,Peak Season,63,3537
2024-02-08,Sigiriya Rock Fortress,26.8,6.1,0,Peak Season,65,3571
2024-02-09,Sigiriya Rock Fortress,27.4,2.0,0,Peak Season,70,4041
2024-02-10,Sigiriya Rock Fortress,27.0,0.3,0,Peak Season,65,4268
2024-02-11,Sigiriya Rock Fortress,27.1,7.9,0,Peak Season,68,4176
2024-02-12,Sigiriya Rock Fortress,27.7,4.1,0,Peak Season,77,3772
2024-02-13,Sigiriya Rock Fortress,26.0,18.4,0,Peak Season,66,3376
2024-02-14,Sigiriya Rock Fortress,26.5,0.5,0,Peak Season,74,4051
2024-02-15,Sigiriya Rock Fortress,26.4,2.6,0,Peak Season,70,3664
2024-02-16,Sigiriya Rock Fortress,25.9,1.1,0,Peak Season,58,3360
2024-02-17,Sigiriya Rock Fortress,26.9,7.4,0,Peak Season,60,3869
2024-02-18,Sigiriya Rock Fortress,27.8,3.3,0,Peak Season,62,3988
2024-02-19,Sigiriya Rock Fortress,27.2,1.2,0,Peak Season,62,3255
2024-02-20,Sigiriya Rock Fortress,27.6,4.7,0,Peak Season,66,3443
2024-02-21,Sigiriya Rock Fortress,28.1,2.8,0,Peak Season,71,4068
2024-02-22,Sigiriya Rock Fortress,28.3,2.3,0,Peak Season,75,3777
2024-02-23,Sigiriya Rock Fortress,27.5,7.3,0,Peak Season,69,3782
2024-02-24,Sigiriya Rock Fortress,28.4,8.4,0,Peak Season,64,3560
2024-02-25,Sigiriya Rock Fortress,27.7,15.3,0,Peak Season,55,3961
2024-02-26,Sigiriya Rock Fortress,27.1,4.7,0,Peak Season,67,3573
2024-02-27,Sigiriya Rock Fortress,27.3,7.5,0,Peak Season,67,3476
2024-02-28,Sigiriya Rock Fortress,26.8,4.5,0,Peak Season,68,3658
2024-02-29,Sigiriya Rock Fortress,27.2,2.4,0,Peak Season,80,3764
2024-03-01,Sigiriya Rock Fortress,27.6,7.5,0,None,52,1955
2024-03-02,Sigiriya Rock Fortress,28.3,3.5,0,None,50,3211
2024-03-03,Sigiriya Rock Fortress,28.9,4.3,0,None,39,2875
2024-03-04,Sigiriya Rock Fortress,27.1,6.1,0,None,42,2172
2024-03-05,Sigiriya Rock Fortress,28.2,0.7,0,None,44,2168
2024-03-06,Sigiriya Rock Fortress,27.4,0.2,0,None,40,1963
2024-03-07,Sigiriya Rock Fortress,28.3,19.1,0,None,48,2285
2024-03-08,Sigiriya Rock Fortress,28.0,5.8,0,None,47,2721
2024-03-09,Sigiriya Rock Fortress,27.0,4.9,0,None,38,2775
2024-03-10,Sigiriya Rock Fortress,28.7,1.7,0,None,52,2776
2024-03-11,Sigiriya Rock Fortress,27.8,5.4,0,None,46,2396
2024-03-12,Sigiriya Rock Fortress,27.9,1.5,0,None,35,2187
2024-03-13,Sigiriya Rock Fortress,27.6,6.1,0,None,45,2503
2024-03-14,Sigiriya Rock Fortress,27.9,5.0,0,None,47,2506
2024-03-15,Sigiriya Rock Fortress,28.6,4.2,0,None,51,1822
2024-03-16,Sigiriya Rock Fortress,28.2,5.0,0,None,43,2981
2024-03-17,Sigiriya Rock Fortress,28.6,1.9,0,None,50,2817
2024-03-18,Sigiriya Rock Fortress,28.6,2.0,0,None,46,2102
2024-03-19,Sigiriya Rock Fortress,29.3,5.3,0,None,37,2196
2024-03-20,Sigiriya Rock Fortress,28.3,3.1,0,None,37,2320
2024-03-21,Sigiriya Rock Fortress,27.7,10.0,0,None,52,2035
2024-03-22,Sigiriya Rock Fortress,29.2,6.5,1,None,52,3295
2024-03-23,Sigiriya Rock Fortress,28.4,4.1,0,None,47,3119
2024-03-24,Sigiriya Rock Fortress,29.3,1.5,0,None,54,3150
2024-03-25,Sigiriya Rock Fortress,28.9,71.3,0,None,51,1493
2024-03-26,Sigiriya Rock Fortress,28.6,1.3,0,None,49,2262
2024-03-27,Sigiriya Rock Fortress,29.0,3.2,0,None,40,2532
2024-03-28,Sigiriya Rock Fortress,30.0,0.4,0,None,55,2313
2024-03-29,Sigiriya Rock Fortress,30.1,2.0,0,None,48,2738
2024-03-30,Sigiriya Rock Fortress,28.9,1.9,0,None,43,2886
2024-03-31,Sigiriya Rock Fortress,29.0,2.2,0,None,41,2866
2024-04-01,Sigiriya Rock Fortress,29.6,7.0,1,None,53,2790
2024-04-02,Sigiriya Rock Fortress,28.5,8.7,0,None,41,2209
2024-04-03,Sigiriya Rock Fortress,29.2,4.7,0,None,55,2701
2024-04-04,Sigiriya Rock Fortress,29.0,6.6,0,None,45,2062
2024-04-05,Sigiriya Rock Fortress,29.3,1.3,0,None,53,2684
2024-04-06,Sigiriya Rock Fortress,28.6,0.9,0,None,48,3034
2024-04-07,Sigiriya Rock Fortress,28.2,5.7,0,None,49,2819
2024-04-08,Sigiriya Rock Fortress,28.0,0.7,0,None,46,2598
2024-04-09,Sigiriya Rock Fortress,28.6,87.7,0,None,50,974
2024-04-10,Sigiriya Rock Fortress,29.0,3.7,0,None,62,2773
2024-04-11,Sigiriya Rock Fortress,29.1,83.2,0,None,59,2048
2024-04-12,Sigiriya Rock Fortress,30.5,1.7,0,None,53,2928
2024-04-13,Sigiriya Rock Fortress,30.0,0.4,1,Sinhala Tamil New Year,51,5359
2024-04-14,Sigiriya Rock Fortress,28.8,4.6,1,Sinhala Tamil New Year,56,5204
2024-04-15,Sigiriya Rock Fortress,29.7,2.4,0,None,58,2525
2024-04-16,Sigiriya Rock Fortress,29.2,8.4,0,None,46,2293
2024-04-17,Sigiriya Rock Fortress,29.3,5.8,0,None,51,2604
2024-04-18,Sigiriya Rock Fortress,29.7,2.3,0,None,40,2164
2024-04-19,Sigiriya Rock Fortress,30.0,0.1,0,None,58,2869
2024-04-20,Sigiriya Rock Fortress,29.4,3.8,0,None,63,3747
2024-04-21,Sigiriya Rock Fortress,30.3,3.5,0,None,51,3083
2024-04-22,Sigiriya Rock Fortress,29.0,0.0,0,None,38,2013
2024-04-23,Sigiriya Rock Fortress,29.7,5.8,0,None,55,2274
2024-04-24,Sigiriya Rock Fortress,31.3,0.8,0,None,46,2695
2024-04-25,Sigiriya Rock Fortress,29.9,10.2,0,None,47,2367
2024-04-26,Sigiriya Rock Fortress,30.7,3.7,0,None,55,2823
2024-04-27,Sigiriya Rock Fortress,29.9,1.9,0,None,53,3020
2024-04-28,Sigiriya Rock Fortress,30.2,5.2,0,None,48,3201
2024-04-29,Sigiriya Rock Fortress,29.9,5.0,0,None,47,2408
2024-04-30,Sigiriya Rock Fortress,29.8,4.9,0,None,52,2369
2024-05-01,Sigiriya Rock Fortress,29.5,10.2,1,None,49,2964
2024-05-02,Sigiriya Rock Fortress,30.2,6.0,0,None,44,2124
2024-05-03,Sigiriya Rock Fortress,29.5,1.9,0,None,49,2939
2024-05-04,Sigiriya Rock Fortress,30.4,3.5,0,None,53,3115
2024-05-05,Sigiriya Rock Fortress,30.7,16.5,0,None,50,3078
2024-05-06,Sigiriya Rock Fortress,30.3,1.8,0,None,43,2305
2024-05-07,Sigiriya Rock Fortress,29.9,7.5,0,None,57,2361
2024-05-08,Sigiriya Rock Fortress,30.4,12.0,0,None,35,2109
2024-05-09,Sigiriya Rock Fortress,30.0,8.5,0,None,48,2664
2024-05-10,Sigiriya Rock Fortress,30.8,5.7,0,None,47,2351
2024-05-11,Sigiriya Rock Fortress,29.1,6.7,0,None,52,2843
2024-05-12,Sigiriya Rock Fortress,30.0,9.4,0,None,54,3103
2024-05-13,Sigiriya Rock Fortress,29.1,2.0,0,None,58,2758
2024-05-14,Sigiriya Rock Fortress,29.4,5.5,0,None,47,2780
2024-05-15,Sigiriya Rock Fortress,31.1,32.8,0,None,55,2373
2024-05-16,Sigiriya Rock Fortress,30.9,8.8,0,None,52,2664
2024-05-17,Sigiriya Rock Fortress,29.9,6.5,0,None,41,2475
2024-05-18,Sigiriya Rock Fortress,29.5,3.8,0,None,62,3009
2024-05-19,Sigiriya Rock Fortress,28.6,2.2,0,None,42,2679
2024-05-20,Sigiriya Rock Fortress,30.1,7.9,0,None,54,2302
2024-05-21,Sigiriya Rock Fortress,31.9,8.6,1,None,53,2934
2024-05-22,Sigiriya Rock Fortress,30.7,5.6,0,None,53,2746
2024-05-23,Sigiriya Rock Fortress,30.1,48.3,0,None,48,2012
2024-05-24,Sigiriya Rock Fortress,30.8,2.6,0,None,56,2682
2024-05-25,Sigiriya Rock Fortress,29.6,1.9,0,None,42,2359
2024-05-26,Sigiriya Rock Fortress,30.3,4.3,0,None,51,3539
2024-05-27,Sigiriya Rock Fortress,30.6,6.2,0,None,48,2274
2024-05-28,Sigiriya Rock Fortress,30.5,2.3,0,None,47,2947
2024-05-29,Sigiriya Rock Fortress,31.0,8.5,0,None,54,2246
2024-05-30,Sigiriya Rock Fortress,30.8,9.6,0,None,57,2420
2024-05-31,Sigiriya Rock Fortress,31.0,13.2,0,None,49,1934
2024-06-01,Sigiriya Rock Fortress,30.2,3.8,0,None,50,3151
2024-06-02,Sigiriya Rock Fortress,31.1,22.2,0,None,45,2550
2024-06-03,Sigiriya Rock Fortress,31.6,12.8,0,None,40,2046
2024-06-04,Sigiriya Rock Fortress,30.0,2.9,0,None,43,2097
2024-06-05,Sigiriya Rock Fortress,30.1,2.4,0,None,43,2580
2024-06-06,Sigiriya Rock Fortress,31.4,5.2,0,None,41,2541
2024-06-07,Sigiriya Rock Fortress,30.5,10.3,0,None,48,2817
2024-06-08,Sigiriya Rock Fortress,31.5,11.9,1,None,46,3447
2024-06-09,Sigiriya Rock Fortress,30.4,13.4,0,None,35,2741
2024-06-10,Sigiriya Rock Fortress,31.5,41.0,0,None,35,1567
2024-06-11,Sigiriya Rock Fortress,30.8,6.6,0,None,48,2399
2024-06-12,Sigiriya Rock Fortress,30.8,38.8,0,None,40,1828
2024-06-13,Sigiriya Rock Fortress,31.6,15.4,0,None,47,2479
2024-06-14,Sigiriya Rock Fortress,30.5,2.0,0,None,50,2777
2024-06-15,Sigiriya Rock Fortress,30.1,9.3,0,None,37,2986
2024-06-16,Sigiriya Rock Fortress,30.4,6.4,0,None,37,2628
2024-06-17,Sigiriya Rock Fortress,31.0,6.2,0,None,55,2830
2024-06-18,Sigiriya Rock Fortress,29.8,4.2,0,None,47,2439
2024-06-19,Sigiriya Rock Fortress,31.1,8.8,0,None,42,2277
2024-06-20,Sigiriya Rock Fortress,30.4,21.4,0,None,39,1963
2024-06-21,Sigiriya Rock Fortress,31.4,4.7,0,None,42,2285
2024-06-22,Sigiriya Rock Fortress,29.3,14.7,0,None,38,3076
2024-06-23,Sigiriya Rock Fortress,30.2,17.2,0,None,50,2978
2024-06-24,Sigiriya Rock Fortress,29.7,25.6,0,None,40,2101
2024-06-25,Sigiriya Rock Fortress,30.2,2.7,0,None,52,2513
2024-06-26,Sigiriya Rock Fortress,30.8,8.4,0,None,43,2899
2024-06-27,Sigiriya Rock Fortress,30.6,3.7,0,None,39,2626
2024-06-28,Sigiriya Rock Fortress,30.5,9.2,0,None,42,2164
2024-06-29,Sigiriya Rock Fortress,30.6,9.1,0,None,29,2584
2024-06-30,Sigiriya Rock Fortress,30.8,1.9,0,None,44,2960
2024-07-01,Sigiriya Rock Fortress,30.1,9.8,0,Peak Season,56,3486
2024-07-02,Sigiriya Rock Fortress,31.1,47.8,0,Peak Season,62,2987
2024-07-03,Sigiriya Rock Fortress,31.0,13.7,0,Peak Season,46,3355
2024-07-04,Sigiriya Rock Fortress,30.9,1.3,0,Peak Season,64,4047
2024-07-05,Sigiriya Rock Fortress,31.0,2.6,0,Peak Season,62,3391
2024-07-06,Sigiriya Rock Fortress,30.8,8.2,0,Peak Season,65,3961
2024-07-07,Sigiriya Rock Fortress,31.8,2.7,0,Peak Season,57,4060
2024-07-08,Sigiriya Rock Fortress,30.5,25.6,0,Peak Season,63,3308
2024-07-09,Sigiriya Rock Fortress,30.4,1.1,0,Peak Season,48,3864
2024-07-10,Sigiriya Rock Fortress,30.1,14.0,0,Peak Season,61,3714
2024-07-11,Sigiriya Rock Fortress,29.9,0.7,0,Peak Season,52,3692
2024-07-12,Sigiriya Rock Fortress,29.8,8.1,0,Peak Season,47,3244
2024-07-13,Sigiriya Rock Fortress,30.0,2.1,0,Peak Season,50,3922
2024-07-14,Sigiriya Rock Fortress,30.5,16.6,0,Peak Season,57,3635
2024-07-15,Sigiriya Rock Fortress,30.7,22.3,0,Peak Season,52,3425
2024-07-16,Sigiriya Rock Fortress,30.5,12.1,0,Peak Season,59,3602
2024-07-17,Sigiriya Rock Fortress,30.0,23.2,0,Peak Season,46,3393
2024-07-18,Sigiriya Rock Fortress,31.0,0.0,0,Peak Season,44,3341
2024-07-19,Sigiriya Rock Fortress,30.9,10.0,0,Peak Season,65,3610
2024-07-20,Sigiriya Rock Fortress,30.3,13.9,0,Peak Season,62,4107
2024-07-21,Sigiriya Rock Fortress,30.0,15.7,0,Peak Season,51,4036
2024-07-22,Sigiriya Rock Fortress,30.7,13.1,0,Peak Season,57,3130
2024-07-23,Sigiriya Rock Fortress,30.5,16.0,0,Peak Season,63,3681
2024-07-24,Sigiriya Rock Fortress,29.5,9.9,1,Peak Season,60,4149
2024-07-25,Sigiriya Rock Fortress,30.3,1.4,0,Peak Season,58,3365
2024-07-26,Sigiriya Rock Fortress,30.4,4.5,0,Peak Season,64,3213
2024-07-27,Sigiriya Rock Fortress,29.7,25.9,0,Peak Season,53,3713
2024-07-28,Sigiriya Rock Fortress,30.3,23.4,0,Peak Season,57,4184
2024-07-29,Sigiriya Rock Fortress,29.3,13.6,0,Peak Season,57,3767
2024-07-30,Sigiriya Rock Fortress,31.0,16.7,0,Peak Season,55,3463
2024-07-31,Sigiriya Rock Fortress,30.9,21.0,0,Peak Season,55,3761
2024-08-01,Sigiriya Rock Fortress,30.0,13.3,0,Esala Festival,57,3317
2024-08-02,Sigiriya Rock Fortress,30.3,25.0,0,Esala Festival,57,3406
2024-08-03,Sigiriya Rock Fortress,28.6,24.2,0,Esala Festival,51,3489
2024-08-04,Sigiriya Rock Fortress,29.4,4.6,0,Esala Festival,62,3937
2024-08-05,Sigiriya Rock Fortress,29.9,4.7,0,Esala Festival,51,3169
2024-08-06,Sigiriya Rock Fortress,29.4,122.4,0,Esala Festival,56,1525
2024-08-07,Sigiriya Rock Fortress,30.4,40.8,0,Esala Festival,55,3258
2024-08-08,Sigiriya Rock Fortress,31.1,26.2,0,Esala Festival,59,3105
2024-08-09,Sigiriya Rock Fortress,29.2,18.2,0,Esala Festival,44,2829
2024-08-10,Sigiriya Rock Fortress,29.4,27.5,0,Esala Festival,62,3515
2024-08-11,Sigiriya Rock Fortress,30.0,13.5,0,Esala Festival,53,3757
2024-08-12,Sigiriya Rock Fortress,30.8,5.9,0,Esala Festival,64,3957
2024-08-13,Sigiriya Rock Fortress,29.1,47.9,0,Esala Festival,54,3286
2024-08-14,Sigiriya Rock Fortress,29.9,12.4,0,Esala Festival,57,2968
2024-08-15,Sigiriya Rock Fortress,30.8,22.7,0,Esala Festival,68,3362
2024-08-16,Sigiriya Rock Fortress,28.7,0.0,0,Esala Festival,55,3177
2024-08-17,Sigiriya Rock Fortress,28.9,9.6,1,Esala Festival,64,4876
2024-08-18,Sigiriya Rock Fortress,29.4,2.5,0,Esala Festival,57,4048
2024-08-19,Sigiriya Rock Fortress,29.3,10.4,0,Esala Festival,59,3233
2024-08-20,Sigiriya Rock Fortress,30.1,4.4,0,Esala Festival,57,3453
2024-08-21,Sigiriya Rock Fortress,29.7,62.1,0,Esala Festival,62,2715
2024-08-22,Sigiriya Rock Fortress,28.4,20.4,0,Esala Festival,53,3468
2024-08-23,Sigiriya Rock Fortress,29.8,27.8,0,Esala Festival,51,3158
2024-08-24,Sigiriya Rock Fortress,29.1,0.1,1,Esala Festival,53,4729
2024-08-25,Sigiriya Rock Fortress,30.2,16.5,0,Esala Festival,58,3276
2024-08-26,Sigiriya Rock Fortress,29.0,6.3,0,Esala Festival,56,3343
2024-08-27,Sigiriya Rock Fortress,29.0,27.5,0,Esala Festival,61,3651
2024-08-28,Sigiriya Rock Fortress,29.6,14.1,0,Esala Festival,65,3739
2024-08-29,Sigiriya Rock Fortress,29.7,7.2,0,Esala Festival,51,2875
2024-08-30,Sigiriya Rock Fortress,29.5,1.4,0,Esala Festival,53,3311
2024-08-31,Sigiriya Rock Fortress,28.2,8.6,0,Esala Festival,48,3443
2024-09-01,Sigiriya Rock Fortress,29.5,21.4,1,None,57,3988
2024-09-02,Sigiriya Rock Fortress,28.5,4.8,0,None,47,2450
2024-09-03,Sigiriya Rock Fortress,29.2,49.5,0,None,48,1733
2024-09-04,Sigiriya Rock Fortress,28.2,19.5,0,None,37,2037
2024-09-05,Sigiriya Rock Fortress,29.3,2.2,0,None,45,1845
2024-09-06,Sigiriya Rock Fortress,28.5,1.5,0,None,48,2215
2024-09-07,Sigiriya Rock Fortress,28.2,6.1,0,None,43,2856
2024-09-08,Sigiriya Rock Fortress,29.3,4.5,0,None,51,3236
2024-09-09,Sigiriya Rock Fortress,29.0,11.1,0,None,59,2127
2024-09-10,Sigiriya Rock Fortress,28.5,7.0,0,None,39,2142
2024-09-11,Sigiriya Rock Fortress,29.7,4.8,0,None,39,2516
2024-09-12,Sigiriya Rock Fortress,28.5,0.6,0,None,40,2001
2024-09-13,Sigiriya Rock Fortress,28.7,12.5,0,None,55,2505
2024-09-14,Sigiriya Rock Fortress,28.8,0.5,0,None,51,3095
2024-09-15,Sigiriya Rock Fortress,28.3,17.4,0,None,44,3111
2024-09-16,Sigiriya Rock Fortress,28.9,0.2,0,None,45,2378
2024-09-17,Sigiriya Rock Fortress,28.2,0.4,0,None,40,2274
2024-09-18,Sigiriya Rock Fortress,28.3,2.0,0,None,50,2665
2024-09-19,Sigiriya Rock Fortress,29.3,3.8,0,None,43,2072
2024-09-20,Sigiriya Rock Fortress,27.8,3.0,0,None,43,2272
2024-09-21,Sigiriya Rock Fortress,27.0,3.9,0,None,49,2840
2024-09-22,Sigiriya Rock Fortress,29.3,8.9,0,None,44,2840
2024-09-23,Sigiriya Rock Fortress,29.9,2.2,0,None,44,2609
2024-09-24,Sigiriya Rock Fortress,28.1,9.1,0,None,45,2416
2024-09-25,Sigiriya Rock Fortress,27.1,2.1,0,None,50,2269
2024-09-26,Sigiriya Rock Fortress,28.0,0.4,0,None,55,2605
2024-09-27,Sigiriya Rock Fortress,28.0,19.1,0,None,49,2571
2024-09-28,Sigiriya Rock Fortress,28.0,2.8,0,None,50,2823
2024-09-29,Sigiriya Rock Fortress,27.4,12.9,0,None,44,2788
2024-09-30,Sigiriya Rock Fortress,28.4,0.3,0,None,41,2296
2024-10-01,Sigiriya Rock Fortress,28.3,27.2,0,None,49,2142
2024-10-02,Sigiriya Rock Fortress,27.1,8.1,0,None,46,1931
2024-10-03,Sigiriya Rock Fortress,28.4,7.2,0,None,36,2476
2024-10-04,Sigiriya Rock Fortress,29.2,0.7,0,None,43,2227
2024-10-05,Sigiriya Rock Fortress,28.0,1.9,0,None,45,3153
2024-10-06,Sigiriya Rock Fortress,27.6,5.7,0,None,42,2677
2024-10-07,Sigiriya Rock Fortress,27.7,2.1,0,None,54,2389
2024-10-08,Sigiriya Rock Fortress,28.1,19.0,0,None,48,2496
2024-10-09,Sigiriya Rock Fortress,26.7,8.3,0,None,53,2618
2024-10-10,Sigiriya Rock Fortress,27.8,2.1,0,None,47,2450
2024-10-11,Sigiriya Rock Fortress,27.4,16.8,0,None,45,2345
2024-10-12,Sigiriya Rock Fortress,28.7,5.1,0,None,39,2742
2024-10-13,Sigiriya Rock Fortress,27.5,16.3,0,None,45,2735
2024-10-14,Sigiriya Rock Fortress,28.6,4.2,0,None,45,2225
2024-10-15,Sigiriya Rock Fortress,26.9,13.5,0,None,37,2254
2024-10-16,Sigiriya Rock Fortress,27.9,5.0,0,None,42,2130
2024-10-17,Sigiriya Rock Fortress,27.7,20.0,0,None,43,2440
2024-10-18,Sigiriya Rock Fortress,26.9,0.3,0,None,47,2324
2024-10-19,Sigiriya Rock Fortress,27.5,1.3,0,None,48,2975
2024-10-20,Sigiriya Rock Fortress,28.1,7.0,0,None,42,2982
2024-10-21,Sigiriya Rock Fortress,27.1,3.5,0,None,48,2386
2024-10-22,Sigiriya Rock Fortress,26.3,5.1,1,None,44,2846
2024-10-23,Sigiriya Rock Fortress,27.3,16.3,0,None,28,1867
2024-10-24,Sigiriya Rock Fortress,26.7,54.8,0,None,42,1840
2024-10-25,Sigiriya Rock Fortress,27.0,12.4,0,None,51,2178
2024-10-26,Sigiriya Rock Fortress,27.1,2.8,0,None,35,2677
2024-10-27,Sigiriya Rock Fortress,26.1,18.7,0,None,46,2679
2024-10-28,Sigiriya Rock Fortress,26.2,41.3,0,None,55,2212
2024-10-29,Sigiriya Rock Fortress,27.4,11.7,0,None,40,2127
2024-10-30,Sigiriya Rock Fortress,26.7,8.4,0,None,45,2652
2024-10-31,Sigiriya Rock Fortress,25.5,10.7,0,None,37,2006
2024-11-01,Sigiriya Rock Fortress,27.5,32.1,0,None,55,2125
2024-11-02,Sigiriya Rock Fortress,27.1,12.3,0,None,45,2733
2024-11-03,Sigiriya Rock Fortress,26.5,21.2,0,None,45,2353
2024-11-04,Sigiriya Rock Fortress,26.1,20.6,0,None,53,2002
2024-11-05,Sigiriya Rock Fortress,27.4,27.0,0,None,49,2010
2024-11-06,Sigiriya Rock Fortress,27.1,8.9,0,None,40,2422
2024-11-07,Sigiriya Rock Fortress,28.3,5.3,0,None,41,2268
2024-11-08,Sigiriya Rock Fortress,27.1,17.7,0,None,48,2103
2024-11-09,Sigiriya Rock Fortress,27.0,26.2,0,None,41,2798
2024-11-10,Sigiriya Rock Fortress,26.7,31.1,0,None,32,2639
2024-11-11,Sigiriya Rock Fortress,27.2,39.0,0,None,45,2180
2024-11-12,Sigiriya Rock Fortress,27.1,24.8,0,None,36,1721
2024-11-13,Sigiriya Rock Fortress,27.5,5.2,0,None,55,2391
2024-11-14,Sigiriya Rock Fortress,26.4,13.5,0,None,46,2599
2024-11-15,Sigiriya Rock Fortress,26.4,12.4,0,None,40,2158
2024-11-16,Sigiriya Rock Fortress,26.4,11.1,0,None,41,2630
2024-11-17,Sigiriya Rock Fortress,27.1,19.0,0,None,34,2651
2024-11-18,Sigiriya Rock Fortress,27.5,8.7,0,None,38,2374
2024-11-19,Sigiriya Rock Fortress,26.3,8.8,0,None,51,2217
2024-11-20,Sigiriya Rock Fortress,26.3,53.2,0,None,58,1984
2024-11-21,Sigiriya Rock Fortress,26.7,10.5,0,None,49,2504
2024-11-22,Sigiriya Rock Fortress,26.4,30.4,0,None,44,1706
2024-11-23,Sigiriya Rock Fortress,27.1,32.2,0,None,42,2481
2024-11-24,Sigiriya Rock Fortress,25.1,14.8,0,None,39,2318
2024-11-25,Sigiriya Rock Fortress,26.0,9.5,0,None,57,2216
2024-11-26,Sigiriya Rock Fortress,26.0,3.8,0,None,44,2143
2024-11-27,Sigiriya Rock Fortress,25.1,0.9,0,None,58,2627
2024-11-28,Sigiriya Rock Fortress,25.9,21.6,0,None,53,2140
2024-11-29,Sigiriya Rock Fortress,25.9,17.7,1,None,35,2441
2024-11-30,Sigiriya Rock Fortress,26.3,24.8,1,None,41,3182
2024-12-01,Sigiriya Rock Fortress,27.1,6.7,0,Peak Season,63,3810
2024-12-02,Sigiriya Rock Fortress,26.2,60.8,0,Peak Season,67,2998
2024-12-03,Sigiriya Rock Fortress,25.8,19.5,0,Peak Season,67,3634
2024-12-04,Sigiriya Rock Fortress,26.3,10.6,0,Peak Season,85,3816
2024-12-05,Sigiriya Rock Fortress,27.0,7.7,0,Peak Season,61,3416
2024-12-06,Sigiriya Rock Fortress,25.8,26.4,0,Peak Season,68,3402
2024-12-07,Sigiriya Rock Fortress,25.8,43.4,0,Peak Season,71,3274
2024-12-08,Sigiriya Rock Fortress,26.7,12.7,0,Peak Season,67,4166
2024-12-09,Sigiriya Rock Fortress,26.2,49.6,1,Peak Season,68,4388
2024-12-10,Sigiriya Rock Fortress,26.7,3.5,0,Peak Season,61,3474
2024-12-11,Sigiriya Rock Fortress,26.3,18.8,0,Peak Season,68,3403
2024-12-12,Sigiriya Rock Fortress,26.7,19.3,0,Peak Season,70,3636
2024-12-13,Sigiriya Rock Fortress,25.7,22.5,0,Peak Season,69,3743
2024-12-14,Sigiriya Rock Fortress,26.3,14.7,0,Peak Season,70,4279
2024-12-15,Sigiriya Rock Fortress,26.2,17.8,0,Peak Season,75,3639
2024-12-16,Sigiriya Rock Fortress,25.6,3.4,0,Peak Season,73,3803
2024-12-17,Sigiriya Rock Fortress,25.4,40.2,0,Peak Season,67,3688
2024-12-18,Sigiriya Rock Fortress,26.7,29.6,0,Peak Season,60,3306
2024-12-19,Sigiriya Rock Fortress,26.1,17.1,0,Peak Season,63,3098
2024-12-20,Sigiriya Rock Fortress,25.7,30.2,0,Peak Season,66,3297
2024-12-21,Sigiriya Rock Fortress,26.2,41.3,0,Peak Season,69,3442
2024-12-22,Sigiriya Rock Fortress,27.0,22.1,0,Peak Season,64,4163
2024-12-23,Sigiriya Rock Fortress,24.9,67.3,0,Peak Season,61,2462
2024-12-24,Sigiriya Rock Fortress,25.4,73.0,0,Peak Season,60,2619
2024-12-25,Sigiriya Rock Fortress,25.8,4.2,1,Christmas,57,4050
2024-12-26,Sigiriya Rock Fortress,27.2,16.1,0,Peak Season,66,3337
2024-12-27,Sigiriya Rock Fortress,26.5,30.9,0,Peak Season,58,3438
2024-12-28,Sigiriya Rock Fortress,26.8,40.8,0,Peak Season,61,3629
2024-12-29,Sigiriya Rock Fortress,25.6,14.7,0,Peak Season,65,3827
2024-12-30,Sigiriya Rock Fortress,25.7,3.7,0,Peak Season,59,3175
2024-12-31,Sigiriya Rock Fortress,26.6,9.5,0,Peak Season,69,3157
2025-01-01,Sigiriya Rock Fortress,26.4,1.7,1,New Year,71,4366
2025-01-02,Sigiriya Rock Fortress,26.7,25.6,0,Peak Season,64,3314
2025-01-03,Sigiriya Rock Fortress,26.3,7.5,0,Peak Season,64,3708
2025-01-04,Sigiriya Rock Fortress,26.5,5.1,1,Peak Season,70,4713
2025-01-05,Sigiriya Rock Fortress,26.5,27.7,0,Peak Season,63,4135
2025-01-06,Sigiriya Rock Fortress,26.9,47.0,0,Peak Season,62,2846
2025-01-07,Sigiriya Rock Fortress,26.9,5.0,0,Peak Season,74,3671
2025-01-08,Sigiriya Rock Fortress,25.4,14.3,0,Peak Season,72,3286
2025-01-09,Sigiriya Rock Fortress,25.1,9.7,0,Peak Season,71,3768
2025-01-10,Sigiriya Rock Fortress,27.0,40.5,0,Peak Season,73,3744
2025-01-11,Sigiriya Rock Fortress,27.2,10.8,0,Peak Season,55,3485
2025-01-12,Sigiriya Rock Fortress,25.9,3.1,0,Peak Season,75,4203
2025-01-13,Sigiriya Rock Fortress,25.4,75.3,0,Peak Season,69,3016
2025-01-14,Sigiriya Rock Fortress,26.6,32.8,0,Peak Season,73,3043
2025-01-15,Sigiriya Rock Fortress,27.1,8.7,0,Peak Season,69,3721
2025-01-16,Sigiriya Rock Fortress,27.6,5.4,0,Peak Season,67,3886
2025-01-17,Sigiriya Rock Fortress,26.9,9.9,0,Peak Season,65,3520
2025-01-18,Sigiriya Rock Fortress,26.4,3.1,0,Peak Season,69,4310
2025-01-19,Sigiriya Rock Fortress,26.1,9.1,0,Peak Season,65,4422
2025-01-20,Sigiriya Rock Fortress,26.6,5.8,0,Peak Season,72,4096
2025-01-21,Sigiriya Rock Fortress,26.5,67.9,0,Peak Season,57,2635
2025-01-22,Sigiriya Rock Fortress,26.0,3.7,0,Peak Season,64,3410
2025-01-23,Sigiriya Rock Fortress,27.9,5.2,0,Peak Season,79,3644
2025-01-24,Sigiriya Rock Fortress,27.8,77.5,0,Peak Season,63,2902
2025-01-25,Sigiriya Rock Fortress,27.4,16.1,1,Peak Season,66,4362
2025-01-26,Sigiriya Rock Fortress,26.2,4.3,0,Peak Season,62,3986
2025-01-27,Sigiriya Rock Fortress,27.3,1.2,0,Peak Season,69,3716
2025-01-28,Sigiriya Rock Fortress,27.2,11.3,0,Peak Season,63,3350
2025-01-29,Sigiriya Rock Fortress,27.1,7.3,0,Peak Season,66,3620
2025-01-30,Sigiriya Rock Fortress,27.6,4.4,0,Peak Season,72,4283
2025-01-31,Sigiriya Rock Fortress,27.2,33.6,0,Peak Season,63,3166
2025-02-01,Sigiriya Rock Fortress,27.3,15.5,0,Peak Season,72,4030
2025-02-02,Sigiriya Rock Fortress,27.3,13.7,0,Peak Season,72,4370
2025-02-03,Sigiriya Rock Fortress,27.1,15.4,0,Peak Season,73,3640
2025-02-04,Sigiriya Rock Fortress,25.9,14.5,1,Peak Season,68,4433
2025-02-05,Sigiriya Rock Fortress,27.0,7.1,0,Peak Season,86,3954
2025-02-06,Sigiriya Rock Fortress,26.7,3.8,0,Peak Season,73,3658
2025-02-07,Sigiriya Rock Fortress,26.3,10.3,0,Peak Season,69,3156
2025-02-08,Sigiriya Rock Fortress,28.1,6.7,0,Peak Season,62,3723
2025-02-09,Sigiriya Rock Fortress,28.1,2.2,0,Peak Season,66,3801
2025-02-10,Sigiriya Rock Fortress,27.9,5.6,0,Peak Season,76,3871
2025-02-11,Sigiriya Rock Fortress,27.3,20.3,0,Peak Season,77,3308
2025-02-12,Sigiriya Rock Fortress,28.0,9.7,0,Peak Season,76,4018
2025-02-13,Sigiriya Rock Fortress,27.2,2.7,0,Peak Season,72,3732
2025-02-14,Sigiriya Rock Fortress,27.4,1.8,0,Peak Season,59,3456
2025-02-15,Sigiriya Rock Fortress,26.6,22.9,0,Peak Season,70,3791
2025-02-16,Sigiriya Rock Fortress,27.6,6.4,0,Peak Season,60,4166
2025-02-17,Sigiriya Rock Fortress,27.4,10.4,0,Peak Season,58,3211
2025-02-18,Sigiriya Rock Fortress,26.6,7.1,1,Peak Season,68,4013
2025-02-19,Sigiriya Rock Fortress,27.4,6.8,0,Peak Season,70,3909
2025-02-20,Sigiriya Rock Fortress,27.4,6.2,0,Peak Season,72,3769
2025-02-21,Sigiriya Rock Fortress,28.6,8.0,0,Peak Season,70,3623
2025-02-22,Sigiriya Rock Fortress,28.1,18.1,0,Peak Season,70,4227
2025-02-23,Sigiriya Rock Fortress,27.6,8.2,0,Peak Season,61,4028
2025-02-24,Sigiriya Rock Fortress,27.7,0.4,0,Peak Season,66,3747
2025-02-25,Sigiriya Rock Fortress,27.6,3.3,0,Peak Season,58,3301
2025-02-26,Sigiriya Rock Fortress,27.5,2.0,0,Peak Season,55,3894
2025-02-27,Sigiriya Rock Fortress,27.0,28.8,0,Peak Season,71,3260
2025-02-28,Sigiriya Rock Fortress,27.6,26.1,1,Peak Season,62,4271
2025-03-01,Sigiriya Rock Fortress,27.3,5.9,0,None,50,2903
2025-03-02,Sigiriya Rock Fortress,27.0,1.7,1,None,52,3848
2025-03-03,Sigiriya Rock Fortress,28.1,38.1,0,None,41,2036
2025-03-04,Sigiriya Rock Fortress,28.1,1.9,0,None,49,2705
2025-03-05,Sigiriya Rock Fortress,26.8,1.9,0,None,41,2078
2025-03-06,Sigiriya Rock Fortress,27.9,13.5,0,None,34,2273
2025-03-07,Sigiriya Rock Fortress,28.6,13.4,0,None,46,2684
2025-03-08,Sigiriya Rock Fortress,28.6,4.2,0,None,42,2810
2025-03-09,Sigiriya Rock Fortress,28.7,1.2,0,None,42,2914
2025-03-10,Sigiriya Rock Fortress,28.1,3.0,0,None,57,2468
2025-03-11,Sigiriya Rock Fortress,27.6,5.1,0,None,36,2087
2025-03-12,Sigiriya Rock Fortress,27.5,0.8,0,None,47,2785
2025-03-13,Sigiriya Rock Fortress,28.4,6.0,0,None,39,2013
2025-03-14,Sigiriya Rock Fortress,28.5,9.3,0,None,50,2189
2025-03-15,Sigiriya Rock Fortress,29.0,0.3,0,None,47,3372
2025-03-16,Sigiriya Rock Fortress,29.0,8.8,0,None,47,3053
2025-03-17,Sigiriya Rock Fortress,28.3,1.6,0,None,39,2750
2025-03-18,Sigiriya Rock Fortress,27.6,15.2,0,None,40,2015
2025-03-19,Sigiriya Rock Fortress,28.2,7.2,0,None,51,2456
2025-03-20,Sigiriya Rock Fortress,28.6,70.0,0,None,56,1634
2025-03-21,Sigiriya Rock Fortress,28.4,2.9,0,None,48,2465
2025-03-22,Sigiriya Rock Fortress,28.2,25.4,0,None,40,2172
2025-03-23,Sigiriya Rock Fortress,28.7,2.0,0,None,47,3137
2025-03-24,Sigiriya Rock Fortress,28.3,0.9,0,None,60,2741
2025-03-25,Sigiriya Rock Fortress,28.3,1.5,0,None,46,2398
2025-03-26,Sigiriya Rock Fortress,28.9,9.1,0,None,54,2398
2025-03-27,Sigiriya Rock Fortress,28.5,3.8,0,None,41,2103
2025-03-28,Sigiriya Rock Fortress,28.9,3.3,0,None,45,2552
2025-03-29,Sigiriya Rock Fortress,29.0,2.0,0,None,49,2775
2025-03-30,Sigiriya Rock Fortress,28.2,3.1,0,None,47,3068
2025-03-31,Sigiriya Rock Fortress,28.6,1.9,0,None,40,2765
2025-04-01,Sigiriya Rock Fortress,29.8,6.6,0,None,46,2729
2025-04-02,Sigiriya Rock Fortress,28.3,2.6,0,None,57,2264
2025-04-03,Sigiriya Rock Fortress,27.7,1.6,0,None,58,2486
2025-04-04,Sigiriya Rock Fortress,27.9,8.5,0,None,60,2657
2025-04-05,Sigiriya Rock Fortress,29.1,0.9,0,None,62,3268
2025-04-06,Sigiriya Rock Fortress,29.1,3.9,0,None,52,2760
2025-04-07,Sigiriya Rock Fortress,29.1,0.1,0,None,49,2594
2025-04-08,Sigiriya Rock Fortress,29.9,0.5,0,None,59,2710
2025-04-09,Sigiriya Rock Fortress,27.6,2.3,0,None,55,2960
2025-04-10,Sigiriya Rock Fortress,29.5,1.8,0,None,45,2375
2025-04-11,Sigiriya Rock Fortress,30.2,1.8,0,None,45,2712
2025-04-12,Sigiriya Rock Fortress,28.6,7.3,0,None,54,2767
2025-04-13,Sigiriya Rock Fortress,29.1,7.6,1,Sinhala Tamil New Year,50,4911
2025-04-14,Sigiriya Rock Fortress,28.9,4.7,1,Sinhala Tamil New Year,51,4792
2025-04-15,Sigiriya Rock Fortress,28.9,101.9,0,None,57,1663
2025-04-16,Sigiriya Rock Fortress,29.3,3.1,0,None,56,2396
2025-04-17,Sigiriya Rock Fortress,30.3,16.7,1,None,59,3187
2025-04-18,Sigiriya Rock Fortress,30.6,23.5,0,None,39,1797
2025-04-19,Sigiriya Rock Fortress,29.4,8.6,0,None,53,3000
2025-04-20,Sigiriya Rock Fortress,30.7,0.9,0,None,55,3398
2025-04-21,Sigiriya Rock Fortress,29.6,3.2,0,None,42,2268
2025-04-22,Sigiriya Rock Fortress,30.7,4.6,0,None,47,2421
2025-04-23,Sigiriya Rock Fortress,29.6,4.0,0,None,46,2177
2025-04-24,Sigiriya Rock Fortress,29.8,10.3,0,None,51,2305
2025-04-25,Sigiriya Rock Fortress,30.0,7.9,0,None,61,3050
2025-04-26,Sigiriya Rock Fortress,31.7,1.0,0,None,63,3408
2025-04-27,Sigiriya Rock Fortress,30.3,1.9,0,None,46,2805
2025-04-28,Sigiriya Rock Fortress,29.4,10.3,1,None,54,3068
2025-04-29,Sigiriya Rock Fortress,30.4,14.8,0,None,54,2117
2025-04-30,Sigiriya Rock Fortress,29.7,5.6,0,None,53,2313
2025-05-01,Sigiriya Rock Fortress,29.6,17.0,1,None,53,3345
2025-05-02,Sigiriya Rock Fortress,30.5,5.2,0,None,53,2538
2025-05-03,Sigiriya Rock Fortress,30.0,1.5,1,None,61,4356
2025-05-04,Sigiriya Rock Fortress,30.2,8.7,0,None,58,3136
2025-05-05,Sigiriya Rock Fortress,30.0,0.8,0,None,45,2452
2025-05-06,Sigiriya Rock Fortress,30.3,18.1,0,None,56,2602
2025-05-07,Sigiriya Rock Fortress,30.3,8.7,0,None,56,1986
2025-05-08,Sigiriya Rock Fortress,29.0,2.2,0,None,53,2598
2025-05-09,Sigiriya Rock Fortress,30.5,0.2,0,None,58,2708
2025-05-10,Sigiriya Rock Fortress,29.6,0.0,1,None,52,4109
2025-05-11,Sigiriya Rock Fortress,29.3,2.8,0,None,52,3300
2025-05-12,Sigiriya Rock Fortress,30.2,8.0,0,None,52,2258
2025-05-13,Sigiriya Rock Fortress,30.3,12.6,0,None,39,2495
2025-05-14,Sigiriya Rock Fortress,29.8,15.5,0,None,51,2327
2025-05-15,Sigiriya Rock Fortress,30.8,7.7,0,None,47,2243
2025-05-16,Sigiriya Rock Fortress,29.5,6.6,0,None,44,2399
2025-05-17,Sigiriya Rock Fortress,30.1,4.0,0,None,60,3201
2025-05-18,Sigiriya Rock Fortress,30.0,68.6,0,None,54,2697
2025-05-19,Sigiriya Rock Fortress,30.3,2.6,0,None,51,2632
2025-05-20,Sigiriya Rock Fortress,30.6,1.1,0,None,48,2577
2025-05-21,Sigiriya Rock Fortress,29.8,6.6,0,None,53,2726
2025-05-22,Sigiriya Rock Fortress,30.9,13.3,0,None,57,2798
2025-05-23,Sigiriya Rock Fortress,30.5,0.8,0,None,46,2668
2025-05-24,Sigiriya Rock Fortress,29.3,3.3,0,None,51,3376
2025-05-25,Sigiriya Rock Fortress,29.3,6.7,0,None,56,3247
2025-05-26,Sigiriya Rock Fortress,30.5,6.6,0,None,39,2337
2025-05-27,Sigiriya Rock Fortress,30.4,11.2,0,None,51,2730
2025-05-28,Sigiriya Rock Fortress,30.5,31.2,0,None,48,2147
2025-05-29,Sigiriya Rock Fortress,30.5,0.1,0,None,50,2584
2025-05-30,Sigiriya Rock Fortress,30.7,33.0,0,None,48,2531
2025-05-31,Sigiriya Rock Fortress,31.1,31.0,0,None,52,3169
2025-06-01,Sigiriya Rock Fortress,29.9,16.1,0,None,57,3038
2025-06-02,Sigiriya Rock Fortress,29.9,8.8,0,None,43,2225
2025-06-03,Sigiriya Rock Fortress,29.9,3.2,0,None,47,2786
2025-06-04,Sigiriya Rock Fortress,30.8,16.4,0,None,57,2693
2025-06-05,Sigiriya Rock Fortress,31.4,9.5,1,None,42,3070
2025-06-06,Sigiriya Rock Fortress,30.4,5.1,0,None,56,2550
2025-06-07,Sigiriya Rock Fortress,29.1,16.4,0,None,45,2865
2025-06-08,Sigiriya Rock Fortress,29.6,19.2,0,None,56,2969
2025-06-09,Sigiriya Rock Fortress,30.2,25.5,0,None,50,2115
2025-06-10,Sigiriya Rock Fortress,30.3,2.9,0,None,47,2510
2025-06-11,Sigiriya Rock Fortress,30.4,69.9,0,None,45,1704
2025-06-12,Sigiriya Rock Fortress,30.7,5.4,0,None,41,2275
2025-06-13,Sigiriya Rock Fortress,30.5,9.6,0,None,45,2571
2025-06-14,Sigiriya Rock Fortress,31.3,11.7,0,None,50,3299
2025-06-15,Sigiriya Rock Fortress,30.3,22.1,0,None,45,2979
2025-06-16,Sigiriya Rock Fortress,30.2,16.0,0,None,43,2188
2025-06-17,Sigiriya Rock Fortress,31.0,5.4,0,None,43,2570
2025-06-18,Sigiriya Rock Fortress,29.8,13.3,0,None,51,2429
2025-06-19,Sigiriya Rock Fortress,30.9,9.6,0,None,52,2240
2025-06-20,Sigiriya Rock Fortress,30.8,1.3,0,None,41,2558
2025-06-21,Sigiriya Rock Fortress,30.6,84.0,0,None,41,1993
2025-06-22,Sigiriya Rock Fortress,31.7,8.3,1,None,47,4236
2025-06-23,Sigiriya Rock Fortress,30.3,27.6,0,None,54,2632
2025-06-24,Sigiriya Rock Fortress,31.9,42.0,0,None,52,2315
2025-06-25,Sigiriya Rock Fortress,30.6,21.0,0,None,37,2150
2025-06-26,Sigiriya Rock Fortress,29.9,8.0,0,None,43,2371
2025-06-27,Sigiriya Rock Fortress,30.7,9.4,0,None,39,2053
2025-06-28,Sigiriya Rock Fortress,30.0,3.1,0,None,43,2564
2025-06-29,Sigiriya Rock Fortress,30.2,4.0,0,None,55,2967
2025-06-30,Sigiriya Rock Fortress,30.9,7.6,0,None,36,2238
2025-07-01,Sigiriya Rock Fortress,31.0,6.7,0,Peak Season,47,2897
2025-07-02,Sigiriya Rock Fortress,30.3,1.2,0,Peak Season,52,3372
2025-07-03,Sigiriya Rock Fortress,31.2,29.0,0,Peak Season,59,3262
2025-07-04,Sigiriya Rock Fortress,31.3,32.6,0,Peak Season,61,3265
2025-07-05,Sigiriya Rock Fortress,31.5,28.4,0,Peak Season,60,3756
2025-07-06,Sigiriya Rock Fortress,30.9,33.7,0,Peak Season,64,3814
2025-07-07,Sigiriya Rock Fortress,31.4,54.5,0,Peak Season,46,3162
2025-07-08,Sigiriya Rock Fortress,29.5,3.3,0,Peak Season,64,3801
2025-07-09,Sigiriya Rock Fortress,30.4,52.9,0,Peak Season,55,2806
2025-07-10,Sigiriya Rock Fortress,30.1,5.9,0,Peak Season,61,3576
2025-07-11,Sigiriya Rock Fortress,30.6,16.6,0,Peak Season,49,3258
2025-07-12,Sigiriya Rock Fortress,30.2,5.0,0,Peak Season,57,3914
2025-07-13,Sigiriya Rock Fortress,30.4,124.5,0,Peak Season,58,2505
2025-07-14,Sigiriya Rock Fortress,31.6,125.5,0,Peak Season,64,2484
2025-07-15,Sigiriya Rock Fortress,30.4,5.8,0,Peak Season,47,3258
2025-07-16,Sigiriya Rock Fortress,30.7,9.8,0,Peak Season,57,3252
2025-07-17,Sigiriya Rock Fortress,30.3,4.4,0,Peak Season,50,3408
2025-07-18,Sigiriya Rock Fortress,30.5,22.7,0,Peak Season,60,3411
2025-07-19,Sigiriya Rock Fortress,30.4,31.5,0,Peak Season,62,3428
2025-07-20,Sigiriya Rock Fortress,30.7,3.3,0,Peak Season,65,4256
2025-07-21,Sigiriya Rock Fortress,31.1,8.8,0,Peak Season,54,3656
2025-07-22,Sigiriya Rock Fortress,31.4,11.5,0,Peak Season,63,3704
2025-07-23,Sigiriya Rock Fortress,30.5,15.1,0,Peak Season,65,4057
2025-07-24,Sigiriya Rock Fortress,30.7,12.4,0,Peak Season,47,3557
2025-07-25,Sigiriya Rock Fortress,29.6,14.0,0,Peak Season,61,3795
2025-07-26,Sigiriya Rock Fortress,30.2,7.8,0,Peak Season,63,4773
2025-07-27,Sigiriya Rock Fortress,30.8,8.0,1,Peak Season,55,4849
2025-07-28,Sigiriya Rock Fortress,30.8,7.6,0,Peak Season,50,3433
2025-07-29,Sigiriya Rock Fortress,30.4,4.8,0,Peak Season,63,3865
2025-07-30,Sigiriya Rock Fortress,30.7,5.6,0,Peak Season,50,3294
2025-07-31,Sigiriya Rock Fortress,30.5,14.4,0,Peak Season,56,3436
2025-08-01,Sigiriya Rock Fortress,30.9,29.5,0,Esala Festival,57,3021
2025-08-02,Sigiriya Rock Fortress,30.3,2.5,0,Esala Festival,61,4176
2025-08-03,Sigiriya Rock Fortress,29.9,7.8,0,Esala Festival,53,3723
2025-08-04,Sigiriya Rock Fortress,30.3,1.8,0,Esala Festival,53,3252
2025-08-05,Sigiriya Rock Fortress,28.3,4.8,0,Esala Festival,58,3478
2025-08-06,Sigiriya Rock Fortress,30.3,5.9,1,Esala Festival,63,4153
2025-08-07,Sigiriya Rock Fortress,27.8,10.4,0,Esala Festival,71,3112
2025-08-08,Sigiriya Rock Fortress,28.9,10.0,0,Esala Festival,48,2845
2025-08-09,Sigiriya Rock Fortress,30.2,8.4,0,Esala Festival,59,3726
2025-08-10,Sigiriya Rock Fortress,30.2,12.9,1,Esala Festival,50,4218
2025-08-11,Sigiriya Rock Fortress,29.2,2.8,0,Esala Festival,63,3624
2025-08-12,Sigiriya Rock Fortress,29.4,10.3,0,Esala Festival,51,3282
2025-08-13,Sigiriya Rock Fortress,30.6,17.1,0,Esala Festival,53,3464
2025-08-14,Sigiriya Rock Fortress,29.5,2.7,0,Esala Festival,53,3530
2025-08-15,Sigiriya Rock Fortress,31.1,0.5,0,Esala Festival,57,3754
2025-08-16,Sigiriya Rock Fortress,29.7,21.1,0,Esala Festival,59,3942
2025-08-17,Sigiriya Rock Fortress,29.9,1.8,0,Esala Festival,60,4111
2025-08-18,Sigiriya Rock Fortress,30.6,4.3,0,Esala Festival,57,3697
2025-08-19,Sigiriya Rock Fortress,29.7,16.2,0,Esala Festival,49,3339
2025-08-20,Sigiriya Rock Fortress,29.0,2.5,0,Esala Festival,61,3576
2025-08-21,Sigiriya Rock Fortress,29.5,19.3,0,Esala Festival,57,3517
2025-08-22,Sigiriya Rock Fortress,29.5,3.5,0,Esala Festival,64,3036
2025-08-23,Sigiriya Rock Fortress,28.7,2.9,0,Esala Festival,53,3820
2025-08-24,Sigiriya Rock Fortress,29.3,3.5,0,Esala Festival,47,3722
2025-08-25,Sigiriya Rock Fortress,29.0,112.4,0,Esala Festival,57,2356
2025-08-26,Sigiriya Rock Fortress,30.0,4.1,0,Esala Festival,65,3927
2025-08-27,Sigiriya Rock Fortress,29.4,19.9,0,Esala Festival,58,2925
2025-08-28,Sigiriya Rock Fortress,29.2,7.9,0,Esala Festival,56,3656
2025-08-29,Sigiriya Rock Fortress,29.2,8.6,0,Esala Festival,52,3007
2025-08-30,Sigiriya Rock Fortress,29.4,2.7,0,Esala Festival,68,3930
2025-08-31,Sigiriya Rock Fortress,29.6,21.8,0,Esala Festival,51,3601
2025-09-01,Sigiriya Rock Fortress,28.6,15.3,0,None,41,2095
2025-09-02,Sigiriya Rock Fortress,28.5,14.8,0,None,48,1951
2025-09-03,Sigiriya Rock Fortress,29.8,6.1,1,None,34,2985
2025-09-04,Sigiriya Rock Fortress,28.8,1.2,0,None,53,2707
2025-09-05,Sigiriya Rock Fortress,28.2,8.6,0,None,49,2608
2025-09-06,Sigiriya Rock Fortress,29.3,12.0,0,None,50,2846
2025-09-07,Sigiriya Rock Fortress,29.3,12.0,0,None,48,2897
2025-09-08,Sigiriya Rock Fortress,28.0,10.4,0,None,44,2251
2025-09-09,Sigiriya Rock Fortress,29.0,9.9,0,None,39,2580
2025-09-10,Sigiriya Rock Fortress,29.3,3.0,0,None,44,1768
2025-09-11,Sigiriya Rock Fortress,29.0,3.1,0,None,39,2079
2025-09-12,Sigiriya Rock Fortress,29.2,1.4,0,None,48,2480
2025-09-13,Sigiriya Rock Fortress,27.9,17.2,0,None,50,2591
2025-09-14,Sigiriya Rock Fortress,28.9,32.1,0,None,54,2701
2025-09-15,Sigiriya Rock Fortress,28.5,57.9,0,None,47,1731
2025-09-16,Sigiriya Rock Fortress,28.3,8.2,0,None,51,2275
2025-09-17,Sigiriya Rock Fortress,29.1,93.7,0,None,43,1292
2025-09-18,Sigiriya Rock Fortress,29.4,5.6,0,None,42,2466
2025-09-19,Sigiriya Rock Fortress,29.6,8.2,0,None,48,2360
2025-09-20,Sigiriya Rock Fortress,29.3,2.0,0,None,43,2836
2025-09-21,Sigiriya Rock Fortress,28.4,5.6,0,None,47,2896
2025-09-22,Sigiriya Rock Fortress,28.6,2.5,0,None,39,2281
2025-09-23,Sigiriya Rock Fortress,28.8,4.9,0,None,40,1896
2025-09-24,Sigiriya Rock Fortress,28.4,2.8,0,None,49,2554
2025-09-25,Sigiriya Rock Fortress,28.4,11.6,0,None,50,2266
2025-09-26,Sigiriya Rock Fortress,28.8,13.1,1,None,39,3090
2025-09-27,Sigiriya Rock Fortress,28.2,9.8,0,None,49,3041
2025-09-28,Sigiriya Rock Fortress,27.7,3.3,0,None,42,3103
2025-09-29,Sigiriya Rock Fortress,27.9,1.3,0,None,45,2158
2025-09-30,Sigiriya Rock Fortress,28.5,13.8,0,None,54,2332
2025-10-01,Sigiriya Rock Fortress,28.1,7.5,0,None,50,2130
2025-10-02,Sigiriya Rock Fortress,28.2,98.3,0,None,50,1162
2025-10-03,Sigiriya Rock Fortress,28.4,103.3,1,None,56,2298
2025-10-04,Sigiriya Rock Fortress,27.7,10.8,0,None,41,3065
2025-10-05,Sigiriya Rock Fortress,28.4,0.7,0,None,39,2595
2025-10-06,Sigiriya Rock Fortress,28.1,13.0,0,None,41,2075
2025-10-07,Sigiriya Rock Fortress,27.1,1.0,0,None,43,2304
2025-10-08,Sigiriya Rock Fortress,28.7,3.1,0,None,31,2264
2025-10-09,Sigiriya Rock Fortress,27.5,1.0,0,None,44,1965
2025-10-10,Sigiriya Rock Fortress,26.8,2.7,0,None,42,1919
2025-10-11,Sigiriya Rock Fortress,27.1,1.5,0,None,50,3098
2025-10-12,Sigiriya Rock Fortress,27.1,20.4,0,None,47,2281
2025-10-13,Sigiriya Rock Fortress,27.7,6.2,0,None,41,2145
2025-10-14,Sigiriya Rock Fortress,27.4,63.6,0,None,49,1723
2025-10-15,Sigiriya Rock Fortress,27.4,22.4,0,None,49,2274
2025-10-16,Sigiriya Rock Fortress,27.9,21.6,0,None,40,2016
2025-10-17,Sigiriya Rock Fortress,27.7,5.4,0,None,42,2190
2025-10-18,Sigiriya Rock Fortress,27.7,11.1,0,None,32,2758
2025-10-19,Sigiriya Rock Fortress,27.7,4.2,0,None,38,2826
2025-10-20,Sigiriya Rock Fortress,27.8,7.6,0,None,41,2087
2025-10-21,Sigiriya Rock Fortress,26.1,2.1,0,None,45,2317
2025-10-22,Sigiriya Rock Fortress,27.1,13.3,1,None,39,2835
2025-10-23,Sigiriya Rock Fortress,26.0,25.0,0,None,42,2354
2025-10-24,Sigiriya Rock Fortress,27.3,21.6,0,None,38,2163
2025-10-25,Sigiriya Rock Fortress,27.2,9.6,0,None,46,3092
2025-10-26,Sigiriya Rock Fortress,27.8,0.3,0,None,48,2859
2025-10-27,Sigiriya Rock Fortress,27.9,4.4,0,None,47,2264
2025-10-28,Sigiriya Rock Fortress,27.3,8.5,0,None,45,2222
2025-10-29,Sigiriya Rock Fortress,26.8,1.4,0,None,36,2148
2025-10-30,Sigiriya Rock Fortress,27.4,1.0,0,None,41,2073
2025-10-31,Sigiriya Rock Fortress,26.7,34.4,0,None,43,2184
2025-11-01,Sigiriya Rock Fortress,27.0,21.5,0,None,43,2815
2025-11-02,Sigiriya Rock Fortress,27.6,16.5,0,None,45,2671
2025-11-03,Sigiriya Rock Fortress,26.6,103.8,0,None,54,1409
2025-11-04,Sigiriya Rock Fortress,27.4,2.0,0,None,50,2494
2025-11-05,Sigiriya Rock Fortress,27.3,3.3,0,None,39,2386
2025-11-06,Sigiriya Rock Fortress,26.3,13.1,0,None,49,1960
2025-11-07,Sigiriya Rock Fortress,27.5,14.3,0,None,49,2251
2025-11-08,Sigiriya Rock Fortress,27.3,1.4,0,None,40,2806
2025-11-09,Sigiriya Rock Fortress,26.9,12.5,0,None,50,2989
2025-11-10,Sigiriya Rock Fortress,26.3,9.9,0,None,44,2065
2025-11-11,Sigiriya Rock Fortress,26.3,25.6,0,None,37,1339
2025-11-12,Sigiriya Rock Fortress,26.4,15.0,0,None,48,1980
2025-11-13,Sigiriya Rock Fortress,27.1,42.8,0,None,46,1859
2025-11-14,Sigiriya Rock Fortress,26.1,7.3,0,None,44,2242
2025-11-15,Sigiriya Rock Fortress,26.9,2.4,0,None,45,3253
2025-11-16,Sigiriya Rock Fortress,25.9,42.8,0,None,41,2419
2025-11-17,Sigiriya Rock Fortress,26.5,16.3,0,None,49,2242
2025-11-18,Sigiriya Rock Fortress,26.7,10.6,0,None,45,2220
2025-11-19,Sigiriya Rock Fortress,28.1,3.9,0,None,46,2618
2025-11-20,Sigiriya Rock Fortress,25.8,7.7,0,None,47,2137
2025-11-21,Sigiriya Rock Fortress,27.5,7.3,0,None,38,2138
2025-11-22,Sigiriya Rock Fortress,26.6,2.4,0,None,40,2543
2025-11-23,Sigiriya Rock Fortress,26.8,0.2,1,None,32,3634
2025-11-24,Sigiriya Rock Fortress,26.6,7.2,0,None,48,2405
2025-11-25,Sigiriya Rock Fortress,26.8,23.9,0,None,38,1790
2025-11-26,Sigiriya Rock Fortress,26.4,36.5,0,None,46,1899
2025-11-27,Sigiriya Rock Fortress,27.3,29.3,0,None,47,2172
2025-11-28,Sigiriya Rock Fortress,26.2,30.9,0,None,49,1983
2025-11-29,Sigiriya Rock Fortress,27.1,3.0,1,None,38,3289
2025-11-30,Sigiriya Rock Fortress,26.0,15.6,0,None,45,2549
2025-12-01,Sigiriya Rock Fortress,26.4,20.3,0,Peak Season,77,3651
2025-12-02,Sigiriya Rock Fortress,25.8,21.6,0,Peak Season,77,3461
2025-12-03,Sigiriya Rock Fortress,26.7,11.1,0,Peak Season,73,3525
2025-12-04,Sigiriya Rock Fortress,27.2,14.0,0,Peak Season,69,3242
2025-12-05,Sigiriya Rock Fortress,26.3,29.3,0,Peak Season,61,3194
2025-12-06,Sigiriya Rock Fortress,26.2,19.9,0,Peak Season,71,3976
2025-12-07,Sigiriya Rock Fortress,25.7,23.5,0,Peak Season,66,3795
2025-12-08,Sigiriya Rock Fortress,26.2,7.2,0,Peak Season,70,3644
2025-12-09,Sigiriya Rock Fortress,25.4,22.5,0,Peak Season,63,3428
2025-12-10,Sigiriya Rock Fortress,25.8,13.9,0,Peak Season,66,3589
2025-12-11,Sigiriya Rock Fortress,26.5,27.1,0,Peak Season,68,3458
2025-12-12,Sigiriya Rock Fortress,27.1,5.3,0,Peak Season,68,3566
2025-12-13,Sigiriya Rock Fortress,28.0,25.2,0,Peak Season,70,3873
2025-12-14,Sigiriya Rock Fortress,26.0,8.5,1,Peak Season,64,4440
2025-12-15,Sigiriya Rock Fortress,27.2,25.4,0,Peak Season,59,3089
2025-12-16,Sigiriya Rock Fortress,26.5,16.2,0,Peak Season,77,3633
2025-12-17,Sigiriya Rock Fortress,26.2,13.0,0,Peak Season,82,3574
2025-12-18,Sigiriya Rock Fortress,26.6,9.0,0,Peak Season,70,3614
2025-12-19,Sigiriya Rock Fortress,26.3,11.7,1,Peak Season,59,3790
2025-12-20,Sigiriya Rock Fortress,26.4,7.6,0,Peak Season,62,3643
